"","group","subject","item","region","measure","sort","condition","skips","rawdata","nozero","ambiguity","continuation"
"1921","Native",1,38,"spillover1","fp","spillover1 fp",6,0,790,790,-0.5,-0.5
"1923","Native",1,39,"spillover1","fp","spillover1 fp",7,0,232,232,0.5,0.5
"1925","Native",1,26,"spillover1","fp","spillover1 fp",6,0,558,558,-0.5,-0.5
"1927","Native",1,34,"spillover1","fp","spillover1 fp",6,0,172,172,-0.5,-0.5
"1929","Native",1,46,"spillover1","fp","spillover1 fp",6,0,176,176,-0.5,-0.5
"1931","Native",1,29,"spillover1","fp","spillover1 fp",5,0,171,171,0.5,-0.5
"1933","Native",1,36,"spillover1","fp","spillover1 fp",8,0,467,467,-0.5,0.5
"1935","Native",1,30,"spillover1","fp","spillover1 fp",6,0,200,200,-0.5,-0.5
"1937","Native",1,40,"spillover1","fp","spillover1 fp",8,0,173,173,-0.5,0.5
"1939","Native",1,33,"spillover1","fp","spillover1 fp",5,0,222,222,0.5,-0.5
"1941","Native",1,43,"spillover1","fp","spillover1 fp",7,0,1260,1260,0.5,0.5
"1943","Native",1,28,"spillover1","fp","spillover1 fp",8,0,821,821,-0.5,0.5
"1945","Native",1,31,"spillover1","fp","spillover1 fp",7,0,161,161,0.5,0.5
"1947","Native",1,45,"spillover1","fp","spillover1 fp",5,0,831,831,0.5,-0.5
"1949","Native",1,25,"spillover1","fp","spillover1 fp",5,0,172,172,0.5,-0.5
"1951","Native",1,41,"spillover1","fp","spillover1 fp",5,0,336,336,0.5,-0.5
"1953","Native",1,42,"spillover1","fp","spillover1 fp",6,0,297,297,-0.5,-0.5
"1955","Native",1,37,"spillover1","fp","spillover1 fp",5,0,963,963,0.5,-0.5
"1957","Native",1,32,"spillover1","fp","spillover1 fp",8,0,415,415,-0.5,0.5
"1959","Native",1,48,"spillover1","fp","spillover1 fp",8,0,214,214,-0.5,0.5
"1961","Native",1,47,"spillover1","fp","spillover1 fp",7,0,201,201,0.5,0.5
"1963","Native",1,44,"spillover1","fp","spillover1 fp",8,0,237,237,-0.5,0.5
"1965","Native",1,27,"spillover1","fp","spillover1 fp",7,0,203,203,0.5,0.5
"1967","Native",1,35,"spillover1","fp","spillover1 fp",7,0,337,337,0.5,0.5
"1969","Native",2,46,"spillover1","fp","spillover1 fp",7,0,214,214,0.5,0.5
"1971","Native",2,25,"spillover1","fp","spillover1 fp",6,0,107,107,-0.5,-0.5
"1973","Native",2,39,"spillover1","fp","spillover1 fp",8,0,178,178,-0.5,0.5
"1975","Native",2,38,"spillover1","fp","spillover1 fp",7,0,1038,1038,0.5,0.5
"1977","Native",2,30,"spillover1","fp","spillover1 fp",7,0,437,437,0.5,0.5
"1979","Native",2,27,"spillover1","fp","spillover1 fp",8,0,250,250,-0.5,0.5
"1981","Native",2,29,"spillover1","fp","spillover1 fp",6,0,152,152,-0.5,-0.5
"1983","Native",2,33,"spillover1","fp","spillover1 fp",6,0,295,295,-0.5,-0.5
"1985","Native",2,32,"spillover1","fp","spillover1 fp",5,0,823,823,0.5,-0.5
"1987","Native",2,43,"spillover1","fp","spillover1 fp",8,0,545,545,-0.5,0.5
"1989","Native",2,45,"spillover1","fp","spillover1 fp",6,0,162,162,-0.5,-0.5
"1991","Native",2,48,"spillover1","fp","spillover1 fp",5,0,225,225,0.5,-0.5
"1993","Native",2,47,"spillover1","fp","spillover1 fp",8,0,308,308,-0.5,0.5
"1995","Native",2,31,"spillover1","fp","spillover1 fp",8,0,179,179,-0.5,0.5
"1997","Native",2,26,"spillover1","fp","spillover1 fp",7,0,160,160,0.5,0.5
"1999","Native",2,42,"spillover1","fp","spillover1 fp",7,0,198,198,0.5,0.5
"2001","Native",2,36,"spillover1","fp","spillover1 fp",5,0,174,174,0.5,-0.5
"2003","Native",2,35,"spillover1","fp","spillover1 fp",8,0,130,130,-0.5,0.5
"2005","Native",2,44,"spillover1","fp","spillover1 fp",5,0,134,134,0.5,-0.5
"2007","Native",2,41,"spillover1","fp","spillover1 fp",6,0,437,437,-0.5,-0.5
"2009","Native",2,37,"spillover1","fp","spillover1 fp",6,0,338,338,-0.5,-0.5
"2011","Native",2,40,"spillover1","fp","spillover1 fp",5,0,256,256,0.5,-0.5
"2013","Native",2,28,"spillover1","fp","spillover1 fp",5,0,363,363,0.5,-0.5
"2015","Native",2,34,"spillover1","fp","spillover1 fp",7,0,200,200,0.5,0.5
"2018","Native",3,34,"spillover1","fp","spillover1 fp",8,0,335,335,-0.5,0.5
"2020","Native",3,30,"spillover1","fp","spillover1 fp",8,0,1135,1135,-0.5,0.5
"2022","Native",3,38,"spillover1","fp","spillover1 fp",8,0,225,225,-0.5,0.5
"2024","Native",3,43,"spillover1","fp","spillover1 fp",5,0,1929,1929,0.5,-0.5
"2026","Native",3,47,"spillover1","fp","spillover1 fp",5,0,1034,1034,0.5,-0.5
"2028","Native",3,25,"spillover1","fp","spillover1 fp",7,0,2200,2200,0.5,0.5
"2030","Native",3,37,"spillover1","fp","spillover1 fp",7,0,128,128,0.5,0.5
"2032","Native",3,40,"spillover1","fp","spillover1 fp",6,0,153,153,-0.5,-0.5
"2034","Native",3,42,"spillover1","fp","spillover1 fp",8,0,149,149,-0.5,0.5
"2036","Native",3,33,"spillover1","fp","spillover1 fp",7,0,566,566,0.5,0.5
"2038","Native",3,39,"spillover1","fp","spillover1 fp",5,0,139,139,0.5,-0.5
"2040","Native",3,41,"spillover1","fp","spillover1 fp",7,0,1097,1097,0.5,0.5
"2042","Native",3,27,"spillover1","fp","spillover1 fp",5,0,94,94,0.5,-0.5
"2044","Native",3,29,"spillover1","fp","spillover1 fp",7,0,117,117,0.5,0.5
"2046","Native",3,46,"spillover1","fp","spillover1 fp",8,0,617,617,-0.5,0.5
"2048","Native",3,28,"spillover1","fp","spillover1 fp",6,0,141,141,-0.5,-0.5
"2050","Native",3,35,"spillover1","fp","spillover1 fp",5,0,787,787,0.5,-0.5
"2052","Native",3,45,"spillover1","fp","spillover1 fp",7,0,237,237,0.5,0.5
"2054","Native",3,32,"spillover1","fp","spillover1 fp",6,0,1516,1516,-0.5,-0.5
"2056","Native",3,26,"spillover1","fp","spillover1 fp",8,0,169,169,-0.5,0.5
"2058","Native",3,36,"spillover1","fp","spillover1 fp",6,0,431,431,-0.5,-0.5
"2060","Native",3,31,"spillover1","fp","spillover1 fp",5,0,724,724,0.5,-0.5
"2062","Native",3,48,"spillover1","fp","spillover1 fp",6,0,918,918,-0.5,-0.5
"2064","Native",3,44,"spillover1","fp","spillover1 fp",6,0,159,159,-0.5,-0.5
"2066","Native",4,43,"spillover1","fp","spillover1 fp",6,0,389,389,-0.5,-0.5
"2068","Native",4,33,"spillover1","fp","spillover1 fp",8,0,292,292,-0.5,0.5
"2070","Native",4,29,"spillover1","fp","spillover1 fp",8,0,378,378,-0.5,0.5
"2072","Native",4,41,"spillover1","fp","spillover1 fp",8,0,335,335,-0.5,0.5
"2074","Native",4,26,"spillover1","fp","spillover1 fp",5,0,608,608,0.5,-0.5
"2076","Native",4,28,"spillover1","fp","spillover1 fp",7,0,335,335,0.5,0.5
"2078","Native",4,25,"spillover1","fp","spillover1 fp",8,0,393,393,-0.5,0.5
"2080","Native",4,34,"spillover1","fp","spillover1 fp",5,0,320,320,0.5,-0.5
"2082","Native",4,38,"spillover1","fp","spillover1 fp",5,0,653,653,0.5,-0.5
"2084","Native",4,30,"spillover1","fp","spillover1 fp",5,0,469,469,0.5,-0.5
"2086","Native",4,48,"spillover1","fp","spillover1 fp",7,0,222,222,0.5,0.5
"2088","Native",4,27,"spillover1","fp","spillover1 fp",6,0,385,385,-0.5,-0.5
"2090","Native",4,35,"spillover1","fp","spillover1 fp",6,0,313,313,-0.5,-0.5
"2092","Native",4,45,"spillover1","fp","spillover1 fp",8,0,328,328,-0.5,0.5
"2094","Native",4,42,"spillover1","fp","spillover1 fp",5,0,257,257,0.5,-0.5
"2096","Native",4,47,"spillover1","fp","spillover1 fp",6,0,371,371,-0.5,-0.5
"2098","Native",4,39,"spillover1","fp","spillover1 fp",6,0,506,506,-0.5,-0.5
"2100","Native",4,44,"spillover1","fp","spillover1 fp",7,0,374,374,0.5,0.5
"2102","Native",4,32,"spillover1","fp","spillover1 fp",7,0,326,326,0.5,0.5
"2104","Native",4,37,"spillover1","fp","spillover1 fp",8,0,455,455,-0.5,0.5
"2106","Native",4,46,"spillover1","fp","spillover1 fp",5,0,873,873,0.5,-0.5
"2108","Native",4,31,"spillover1","fp","spillover1 fp",6,0,340,340,-0.5,-0.5
"2110","Native",4,40,"spillover1","fp","spillover1 fp",7,0,269,269,0.5,0.5
"2112","Native",4,36,"spillover1","fp","spillover1 fp",7,0,402,402,0.5,0.5
"2113","Native",5,39,"spillover1","fp","spillover1 fp",7,0,210,210,0.5,0.5
"2115","Native",5,33,"spillover1","fp","spillover1 fp",5,0,214,214,0.5,-0.5
"2117","Native",5,30,"spillover1","fp","spillover1 fp",6,0,191,191,-0.5,-0.5
"2119","Native",5,46,"spillover1","fp","spillover1 fp",6,0,161,161,-0.5,-0.5
"2121","Native",5,25,"spillover1","fp","spillover1 fp",5,0,365,365,0.5,-0.5
"2123","Native",5,42,"spillover1","fp","spillover1 fp",6,0,170,170,-0.5,-0.5
"2125","Native",5,41,"spillover1","fp","spillover1 fp",5,0,220,220,0.5,-0.5
"2127","Native",5,36,"spillover1","fp","spillover1 fp",8,0,302,302,-0.5,0.5
"2129","Native",5,34,"spillover1","fp","spillover1 fp",6,0,239,239,-0.5,-0.5
"2131","Native",5,35,"spillover1","fp","spillover1 fp",7,0,453,453,0.5,0.5
"2133","Native",5,43,"spillover1","fp","spillover1 fp",7,0,424,424,0.5,0.5
"2135","Native",5,47,"spillover1","fp","spillover1 fp",7,0,326,326,0.5,0.5
"2137","Native",5,38,"spillover1","fp","spillover1 fp",6,0,370,370,-0.5,-0.5
"2139","Native",5,27,"spillover1","fp","spillover1 fp",7,0,426,426,0.5,0.5
"2141","Native",5,45,"spillover1","fp","spillover1 fp",5,0,182,182,0.5,-0.5
"2143","Native",5,37,"spillover1","fp","spillover1 fp",5,0,474,474,0.5,-0.5
"2145","Native",5,48,"spillover1","fp","spillover1 fp",8,0,291,291,-0.5,0.5
"2147","Native",5,44,"spillover1","fp","spillover1 fp",8,0,193,193,-0.5,0.5
"2149","Native",5,26,"spillover1","fp","spillover1 fp",6,0,208,208,-0.5,-0.5
"2151","Native",5,32,"spillover1","fp","spillover1 fp",8,0,872,872,-0.5,0.5
"2153","Native",5,28,"spillover1","fp","spillover1 fp",8,0,463,463,-0.5,0.5
"2155","Native",5,31,"spillover1","fp","spillover1 fp",7,0,1038,1038,0.5,0.5
"2157","Native",5,29,"spillover1","fp","spillover1 fp",5,0,364,364,0.5,-0.5
"2159","Native",5,40,"spillover1","fp","spillover1 fp",8,0,493,493,-0.5,0.5
"2162","Native",6,30,"spillover1","fp","spillover1 fp",7,0,118,118,0.5,0.5
"2164","Native",6,35,"spillover1","fp","spillover1 fp",8,0,162,162,-0.5,0.5
"2166","Native",6,43,"spillover1","fp","spillover1 fp",8,0,375,375,-0.5,0.5
"2168","Native",6,36,"spillover1","fp","spillover1 fp",5,0,162,162,0.5,-0.5
"2170","Native",6,32,"spillover1","fp","spillover1 fp",5,0,561,561,0.5,-0.5
"2172","Native",6,37,"spillover1","fp","spillover1 fp",6,0,430,430,-0.5,-0.5
"2174","Native",6,47,"spillover1","fp","spillover1 fp",8,0,323,323,-0.5,0.5
"2176","Native",6,33,"spillover1","fp","spillover1 fp",6,0,146,146,-0.5,-0.5
"2178","Native",6,41,"spillover1","fp","spillover1 fp",6,0,238,238,-0.5,-0.5
"2180","Native",6,26,"spillover1","fp","spillover1 fp",7,0,534,534,0.5,0.5
"2182","Native",6,39,"spillover1","fp","spillover1 fp",8,0,127,127,-0.5,0.5
"2184","Native",6,38,"spillover1","fp","spillover1 fp",7,0,348,348,0.5,0.5
"2186","Native",6,25,"spillover1","fp","spillover1 fp",6,0,148,148,-0.5,-0.5
"2188","Native",6,34,"spillover1","fp","spillover1 fp",7,0,262,262,0.5,0.5
"2190","Native",6,27,"spillover1","fp","spillover1 fp",8,0,82,82,-0.5,0.5
"2192","Native",6,48,"spillover1","fp","spillover1 fp",5,0,328,328,0.5,-0.5
"2194","Native",6,28,"spillover1","fp","spillover1 fp",5,0,448,448,0.5,-0.5
"2196","Native",6,31,"spillover1","fp","spillover1 fp",8,0,430,430,-0.5,0.5
"2198","Native",6,46,"spillover1","fp","spillover1 fp",7,0,158,158,0.5,0.5
"2200","Native",6,40,"spillover1","fp","spillover1 fp",5,0,160,160,0.5,-0.5
"2202","Native",6,42,"spillover1","fp","spillover1 fp",7,0,443,443,0.5,0.5
"2204","Native",6,45,"spillover1","fp","spillover1 fp",6,0,153,153,-0.5,-0.5
"2206","Native",6,44,"spillover1","fp","spillover1 fp",5,0,285,285,0.5,-0.5
"2208","Native",6,29,"spillover1","fp","spillover1 fp",6,0,279,279,-0.5,-0.5
"2209","Native",7,44,"spillover1","fp","spillover1 fp",6,0,389,389,-0.5,-0.5
"2211","Native",7,35,"spillover1","fp","spillover1 fp",5,0,674,674,0.5,-0.5
"2213","Native",7,26,"spillover1","fp","spillover1 fp",8,0,201,201,-0.5,0.5
"2215","Native",7,38,"spillover1","fp","spillover1 fp",8,0,323,323,-0.5,0.5
"2217","Native",7,28,"spillover1","fp","spillover1 fp",6,0,315,315,-0.5,-0.5
"2219","Native",7,45,"spillover1","fp","spillover1 fp",7,0,757,757,0.5,0.5
"2221","Native",7,41,"spillover1","fp","spillover1 fp",7,0,179,179,0.5,0.5
"2223","Native",7,43,"spillover1","fp","spillover1 fp",5,0,1664,1664,0.5,-0.5
"2225","Native",7,27,"spillover1","fp","spillover1 fp",5,0,702,702,0.5,-0.5
"2227","Native",7,32,"spillover1","fp","spillover1 fp",6,0,868,868,-0.5,-0.5
"2229","Native",7,47,"spillover1","fp","spillover1 fp",5,0,1302,1302,0.5,-0.5
"2231","Native",7,42,"spillover1","fp","spillover1 fp",8,0,214,214,-0.5,0.5
"2233","Native",7,29,"spillover1","fp","spillover1 fp",7,0,571,571,0.5,0.5
"2235","Native",7,46,"spillover1","fp","spillover1 fp",8,0,993,993,-0.5,0.5
"2237","Native",7,36,"spillover1","fp","spillover1 fp",6,0,461,461,-0.5,-0.5
"2239","Native",7,39,"spillover1","fp","spillover1 fp",5,0,493,493,0.5,-0.5
"2241","Native",7,48,"spillover1","fp","spillover1 fp",6,0,181,181,-0.5,-0.5
"2243","Native",7,33,"spillover1","fp","spillover1 fp",7,0,739,739,0.5,0.5
"2245","Native",7,34,"spillover1","fp","spillover1 fp",8,0,338,338,-0.5,0.5
"2247","Native",7,40,"spillover1","fp","spillover1 fp",6,0,244,244,-0.5,-0.5
"2249","Native",7,30,"spillover1","fp","spillover1 fp",8,0,400,400,-0.5,0.5
"2251","Native",7,25,"spillover1","fp","spillover1 fp",7,0,471,471,0.5,0.5
"2253","Native",7,31,"spillover1","fp","spillover1 fp",5,0,222,222,0.5,-0.5
"2255","Native",7,37,"spillover1","fp","spillover1 fp",7,0,366,366,0.5,0.5
"2258","Native",8,46,"spillover1","fp","spillover1 fp",5,0,650,650,0.5,-0.5
"2260","Native",8,41,"spillover1","fp","spillover1 fp",8,0,650,650,-0.5,0.5
"2262","Native",8,39,"spillover1","fp","spillover1 fp",6,0,1098,1098,-0.5,-0.5
"2264","Native",8,35,"spillover1","fp","spillover1 fp",6,0,612,612,-0.5,-0.5
"2266","Native",8,26,"spillover1","fp","spillover1 fp",5,0,2032,2032,0.5,-0.5
"2268","Native",8,44,"spillover1","fp","spillover1 fp",7,0,1131,1131,0.5,0.5
"2270","Native",8,38,"spillover1","fp","spillover1 fp",5,0,441,441,0.5,-0.5
"2272","Native",8,28,"spillover1","fp","spillover1 fp",7,0,842,842,0.5,0.5
"2274","Native",8,34,"spillover1","fp","spillover1 fp",5,0,703,703,0.5,-0.5
"2276","Native",8,36,"spillover1","fp","spillover1 fp",7,0,493,493,0.5,0.5
"2278","Native",8,48,"spillover1","fp","spillover1 fp",7,0,890,890,0.5,0.5
"2280","Native",8,47,"spillover1","fp","spillover1 fp",6,0,453,453,-0.5,-0.5
"2282","Native",8,25,"spillover1","fp","spillover1 fp",8,0,242,242,-0.5,0.5
"2284","Native",8,43,"spillover1","fp","spillover1 fp",6,0,527,527,-0.5,-0.5
"2286","Native",8,42,"spillover1","fp","spillover1 fp",5,0,486,486,0.5,-0.5
"2288","Native",8,31,"spillover1","fp","spillover1 fp",6,0,394,394,-0.5,-0.5
"2290","Native",8,32,"spillover1","fp","spillover1 fp",7,0,891,891,0.5,0.5
"2292","Native",8,33,"spillover1","fp","spillover1 fp",8,0,301,301,-0.5,0.5
"2294","Native",8,27,"spillover1","fp","spillover1 fp",6,0,761,761,-0.5,-0.5
"2296","Native",8,45,"spillover1","fp","spillover1 fp",8,0,247,247,-0.5,0.5
"2298","Native",8,30,"spillover1","fp","spillover1 fp",5,0,717,717,0.5,-0.5
"2300","Native",8,37,"spillover1","fp","spillover1 fp",8,0,658,658,-0.5,0.5
"2302","Native",8,29,"spillover1","fp","spillover1 fp",8,0,916,916,-0.5,0.5
"2304","Native",8,40,"spillover1","fp","spillover1 fp",7,0,402,402,0.5,0.5
"2305","Native",9,40,"spillover1","fp","spillover1 fp",8,0,157,157,-0.5,0.5
"2307","Native",9,37,"spillover1","fp","spillover1 fp",5,0,1404,1404,0.5,-0.5
"2309","Native",9,42,"spillover1","fp","spillover1 fp",6,0,453,453,-0.5,-0.5
"2311","Native",9,39,"spillover1","fp","spillover1 fp",7,0,372,372,0.5,0.5
"2313","Native",9,35,"spillover1","fp","spillover1 fp",7,0,755,755,0.5,0.5
"2315","Native",9,38,"spillover1","fp","spillover1 fp",6,0,311,311,-0.5,-0.5
"2317","Native",9,26,"spillover1","fp","spillover1 fp",6,0,239,239,-0.5,-0.5
"2319","Native",9,32,"spillover1","fp","spillover1 fp",8,0,1115,1115,-0.5,0.5
"2321","Native",9,29,"spillover1","fp","spillover1 fp",5,0,669,669,0.5,-0.5
"2323","Native",9,47,"spillover1","fp","spillover1 fp",7,0,1495,1495,0.5,0.5
"2325","Native",9,36,"spillover1","fp","spillover1 fp",8,0,399,399,-0.5,0.5
"2327","Native",9,27,"spillover1","fp","spillover1 fp",7,0,832,832,0.5,0.5
"2329","Native",9,48,"spillover1","fp","spillover1 fp",8,0,150,150,-0.5,0.5
"2331","Native",9,28,"spillover1","fp","spillover1 fp",8,0,949,949,-0.5,0.5
"2333","Native",9,33,"spillover1","fp","spillover1 fp",5,0,303,303,0.5,-0.5
"2335","Native",9,31,"spillover1","fp","spillover1 fp",7,0,268,268,0.5,0.5
"2337","Native",9,43,"spillover1","fp","spillover1 fp",7,0,641,641,0.5,0.5
"2339","Native",9,44,"spillover1","fp","spillover1 fp",8,0,696,696,-0.5,0.5
"2341","Native",9,45,"spillover1","fp","spillover1 fp",5,0,1158,1158,0.5,-0.5
"2343","Native",9,46,"spillover1","fp","spillover1 fp",6,0,391,391,-0.5,-0.5
"2345","Native",9,30,"spillover1","fp","spillover1 fp",6,0,307,307,-0.5,-0.5
"2347","Native",9,25,"spillover1","fp","spillover1 fp",5,0,413,413,0.5,-0.5
"2349","Native",9,41,"spillover1","fp","spillover1 fp",5,0,178,178,0.5,-0.5
"2351","Native",9,34,"spillover1","fp","spillover1 fp",6,0,429,429,-0.5,-0.5
"2353","Native",10,40,"spillover1","fp","spillover1 fp",5,0,161,161,0.5,-0.5
"2355","Native",10,25,"spillover1","fp","spillover1 fp",6,0,204,204,-0.5,-0.5
"2357","Native",10,28,"spillover1","fp","spillover1 fp",5,0,100,100,0.5,-0.5
"2359","Native",10,29,"spillover1","fp","spillover1 fp",6,0,118,118,-0.5,-0.5
"2361","Native",10,47,"spillover1","fp","spillover1 fp",8,0,718,718,-0.5,0.5
"2363","Native",10,37,"spillover1","fp","spillover1 fp",6,0,370,370,-0.5,-0.5
"2365","Native",10,30,"spillover1","fp","spillover1 fp",7,0,389,389,0.5,0.5
"2367","Native",10,45,"spillover1","fp","spillover1 fp",6,0,134,134,-0.5,-0.5
"2369","Native",10,36,"spillover1","fp","spillover1 fp",5,0,956,956,0.5,-0.5
"2371","Native",10,26,"spillover1","fp","spillover1 fp",7,0,947,947,0.5,0.5
"2373","Native",10,32,"spillover1","fp","spillover1 fp",5,0,876,876,0.5,-0.5
"2375","Native",10,43,"spillover1","fp","spillover1 fp",8,0,288,288,-0.5,0.5
"2377","Native",10,33,"spillover1","fp","spillover1 fp",6,0,645,645,-0.5,-0.5
"2379","Native",10,31,"spillover1","fp","spillover1 fp",8,0,824,824,-0.5,0.5
"2381","Native",10,39,"spillover1","fp","spillover1 fp",8,0,135,135,-0.5,0.5
"2383","Native",10,42,"spillover1","fp","spillover1 fp",7,0,532,532,0.5,0.5
"2385","Native",10,48,"spillover1","fp","spillover1 fp",5,0,767,767,0.5,-0.5
"2387","Native",10,27,"spillover1","fp","spillover1 fp",8,0,763,763,-0.5,0.5
"2389","Native",10,35,"spillover1","fp","spillover1 fp",8,0,484,484,-0.5,0.5
"2391","Native",10,46,"spillover1","fp","spillover1 fp",7,0,1110,1110,0.5,0.5
"2393","Native",10,38,"spillover1","fp","spillover1 fp",7,0,208,208,0.5,0.5
"2395","Native",10,34,"spillover1","fp","spillover1 fp",7,0,483,483,0.5,0.5
"2397","Native",10,44,"spillover1","fp","spillover1 fp",5,0,183,183,0.5,-0.5
"2399","Native",10,41,"spillover1","fp","spillover1 fp",6,0,532,532,-0.5,-0.5
"2401","Native",11,37,"spillover1","fp","spillover1 fp",7,0,1548,1548,0.5,0.5
"2403","Native",11,43,"spillover1","fp","spillover1 fp",5,0,1294,1294,0.5,-0.5
"2405","Native",11,34,"spillover1","fp","spillover1 fp",8,0,710,710,-0.5,0.5
"2407","Native",11,38,"spillover1","fp","spillover1 fp",8,0,584,584,-0.5,0.5
"2409","Native",11,26,"spillover1","fp","spillover1 fp",8,0,894,894,-0.5,0.5
"2411","Native",11,42,"spillover1","fp","spillover1 fp",8,0,186,186,-0.5,0.5
"2413","Native",11,46,"spillover1","fp","spillover1 fp",8,0,396,396,-0.5,0.5
"2415","Native",11,41,"spillover1","fp","spillover1 fp",7,0,882,882,0.5,0.5
"2417","Native",11,31,"spillover1","fp","spillover1 fp",5,0,1500,1500,0.5,-0.5
"2419","Native",11,45,"spillover1","fp","spillover1 fp",7,0,814,814,0.5,0.5
"2421","Native",11,35,"spillover1","fp","spillover1 fp",5,0,850,850,0.5,-0.5
"2423","Native",11,32,"spillover1","fp","spillover1 fp",6,0,706,706,-0.5,-0.5
"2425","Native",11,47,"spillover1","fp","spillover1 fp",5,0,1196,1196,0.5,-0.5
"2427","Native",11,36,"spillover1","fp","spillover1 fp",6,0,548,548,-0.5,-0.5
"2429","Native",11,25,"spillover1","fp","spillover1 fp",7,0,508,508,0.5,0.5
"2431","Native",11,30,"spillover1","fp","spillover1 fp",8,0,470,470,-0.5,0.5
"2433","Native",11,40,"spillover1","fp","spillover1 fp",6,0,596,596,-0.5,-0.5
"2435","Native",11,48,"spillover1","fp","spillover1 fp",6,0,568,568,-0.5,-0.5
"2437","Native",11,29,"spillover1","fp","spillover1 fp",7,0,692,692,0.5,0.5
"2439","Native",11,27,"spillover1","fp","spillover1 fp",5,0,926,926,0.5,-0.5
"2441","Native",11,33,"spillover1","fp","spillover1 fp",7,0,390,390,0.5,0.5
"2443","Native",11,39,"spillover1","fp","spillover1 fp",5,0,1468,1468,0.5,-0.5
"2445","Native",11,28,"spillover1","fp","spillover1 fp",6,0,1080,1080,-0.5,-0.5
"2447","Native",11,44,"spillover1","fp","spillover1 fp",6,0,352,352,-0.5,-0.5
"2449","Native",12,37,"spillover1","fp","spillover1 fp",6,0,1003,1003,-0.5,-0.5
"2451","Native",12,43,"spillover1","fp","spillover1 fp",8,0,919,919,-0.5,0.5
"2453","Native",12,25,"spillover1","fp","spillover1 fp",6,0,594,594,-0.5,-0.5
"2455","Native",12,26,"spillover1","fp","spillover1 fp",7,0,702,702,0.5,0.5
"2457","Native",12,46,"spillover1","fp","spillover1 fp",7,0,576,576,0.5,0.5
"2459","Native",12,31,"spillover1","fp","spillover1 fp",8,0,368,368,-0.5,0.5
"2461","Native",12,39,"spillover1","fp","spillover1 fp",8,0,648,648,-0.5,0.5
"2463","Native",12,38,"spillover1","fp","spillover1 fp",7,0,373,373,0.5,0.5
"2465","Native",12,27,"spillover1","fp","spillover1 fp",8,0,368,368,-0.5,0.5
"2467","Native",12,41,"spillover1","fp","spillover1 fp",6,0,453,453,-0.5,-0.5
"2469","Native",12,29,"spillover1","fp","spillover1 fp",6,0,431,431,-0.5,-0.5
"2471","Native",12,35,"spillover1","fp","spillover1 fp",8,0,173,173,-0.5,0.5
"2473","Native",12,40,"spillover1","fp","spillover1 fp",5,0,819,819,0.5,-0.5
"2475","Native",12,33,"spillover1","fp","spillover1 fp",6,0,429,429,-0.5,-0.5
"2477","Native",12,36,"spillover1","fp","spillover1 fp",5,0,422,422,0.5,-0.5
"2479","Native",12,47,"spillover1","fp","spillover1 fp",8,0,634,634,-0.5,0.5
"2481","Native",12,34,"spillover1","fp","spillover1 fp",7,0,461,461,0.5,0.5
"2483","Native",12,48,"spillover1","fp","spillover1 fp",5,0,190,190,0.5,-0.5
"2485","Native",12,32,"spillover1","fp","spillover1 fp",5,0,1426,1426,0.5,-0.5
"2487","Native",12,42,"spillover1","fp","spillover1 fp",7,0,392,392,0.5,0.5
"2489","Native",12,30,"spillover1","fp","spillover1 fp",7,0,1035,1035,0.5,0.5
"2491","Native",12,28,"spillover1","fp","spillover1 fp",5,0,775,775,0.5,-0.5
"2493","Native",12,44,"spillover1","fp","spillover1 fp",5,0,1171,1171,0.5,-0.5
"2495","Native",12,45,"spillover1","fp","spillover1 fp",6,0,326,326,-0.5,-0.5
"2498","Native",13,34,"spillover1","fp","spillover1 fp",5,0,208,208,0.5,-0.5
"2500","Native",13,27,"spillover1","fp","spillover1 fp",6,0,235,235,-0.5,-0.5
"2502","Native",13,39,"spillover1","fp","spillover1 fp",6,0,507,507,-0.5,-0.5
"2504","Native",13,40,"spillover1","fp","spillover1 fp",7,0,1316,1316,0.5,0.5
"2506","Native",13,32,"spillover1","fp","spillover1 fp",7,0,885,885,0.5,0.5
"2508","Native",13,46,"spillover1","fp","spillover1 fp",5,0,281,281,0.5,-0.5
"2510","Native",13,41,"spillover1","fp","spillover1 fp",8,0,978,978,-0.5,0.5
"2512","Native",13,33,"spillover1","fp","spillover1 fp",8,0,258,258,-0.5,0.5
"2514","Native",13,45,"spillover1","fp","spillover1 fp",8,0,307,307,-0.5,0.5
"2516","Native",13,36,"spillover1","fp","spillover1 fp",7,0,1005,1005,0.5,0.5
"2518","Native",13,43,"spillover1","fp","spillover1 fp",6,0,414,414,-0.5,-0.5
"2520","Native",13,42,"spillover1","fp","spillover1 fp",5,1,0,NA,0.5,-0.5
"2522","Native",13,37,"spillover1","fp","spillover1 fp",8,0,573,573,-0.5,0.5
"2524","Native",13,29,"spillover1","fp","spillover1 fp",8,0,283,283,-0.5,0.5
"2526","Native",13,48,"spillover1","fp","spillover1 fp",7,0,380,380,0.5,0.5
"2528","Native",13,44,"spillover1","fp","spillover1 fp",7,0,303,303,0.5,0.5
"2530","Native",13,47,"spillover1","fp","spillover1 fp",6,0,919,919,-0.5,-0.5
"2532","Native",13,35,"spillover1","fp","spillover1 fp",6,0,200,200,-0.5,-0.5
"2534","Native",13,30,"spillover1","fp","spillover1 fp",5,0,305,305,0.5,-0.5
"2536","Native",13,26,"spillover1","fp","spillover1 fp",5,0,202,202,0.5,-0.5
"2538","Native",13,25,"spillover1","fp","spillover1 fp",8,0,225,225,-0.5,0.5
"2540","Native",13,38,"spillover1","fp","spillover1 fp",5,0,369,369,0.5,-0.5
"2542","Native",13,28,"spillover1","fp","spillover1 fp",7,0,277,277,0.5,0.5
"2544","Native",13,31,"spillover1","fp","spillover1 fp",6,0,166,166,-0.5,-0.5
"2546","Native",14,30,"spillover1","fp","spillover1 fp",6,0,441,441,-0.5,-0.5
"2548","Native",14,35,"spillover1","fp","spillover1 fp",7,0,119,119,0.5,0.5
"2550","Native",14,29,"spillover1","fp","spillover1 fp",5,0,486,486,0.5,-0.5
"2552","Native",14,40,"spillover1","fp","spillover1 fp",8,0,677,677,-0.5,0.5
"2554","Native",14,44,"spillover1","fp","spillover1 fp",8,0,680,680,-0.5,0.5
"2556","Native",14,45,"spillover1","fp","spillover1 fp",5,0,793,793,0.5,-0.5
"2558","Native",14,25,"spillover1","fp","spillover1 fp",5,0,182,182,0.5,-0.5
"2560","Native",14,48,"spillover1","fp","spillover1 fp",8,0,429,429,-0.5,0.5
"2562","Native",14,46,"spillover1","fp","spillover1 fp",6,0,531,531,-0.5,-0.5
"2564","Native",14,33,"spillover1","fp","spillover1 fp",5,0,616,616,0.5,-0.5
"2566","Native",14,26,"spillover1","fp","spillover1 fp",6,0,733,733,-0.5,-0.5
"2568","Native",14,37,"spillover1","fp","spillover1 fp",5,0,1735,1735,0.5,-0.5
"2570","Native",14,38,"spillover1","fp","spillover1 fp",6,0,370,370,-0.5,-0.5
"2572","Native",14,34,"spillover1","fp","spillover1 fp",6,0,212,212,-0.5,-0.5
"2574","Native",14,43,"spillover1","fp","spillover1 fp",7,0,1428,1428,0.5,0.5
"2576","Native",14,32,"spillover1","fp","spillover1 fp",8,0,118,118,-0.5,0.5
"2578","Native",14,27,"spillover1","fp","spillover1 fp",7,0,849,849,0.5,0.5
"2580","Native",14,42,"spillover1","fp","spillover1 fp",6,0,407,407,-0.5,-0.5
"2582","Native",14,47,"spillover1","fp","spillover1 fp",7,0,190,190,0.5,0.5
"2584","Native",14,41,"spillover1","fp","spillover1 fp",5,0,121,121,0.5,-0.5
"2586","Native",14,28,"spillover1","fp","spillover1 fp",8,0,337,337,-0.5,0.5
"2588","Native",14,39,"spillover1","fp","spillover1 fp",7,0,1341,1341,0.5,0.5
"2590","Native",14,31,"spillover1","fp","spillover1 fp",7,0,292,292,0.5,0.5
"2592","Native",14,36,"spillover1","fp","spillover1 fp",8,0,475,475,-0.5,0.5
"2593","Native",15,27,"spillover1","fp","spillover1 fp",8,0,149,149,-0.5,0.5
"2595","Native",15,33,"spillover1","fp","spillover1 fp",6,0,185,185,-0.5,-0.5
"2597","Native",15,25,"spillover1","fp","spillover1 fp",6,0,204,204,-0.5,-0.5
"2599","Native",15,28,"spillover1","fp","spillover1 fp",5,0,858,858,0.5,-0.5
"2601","Native",15,31,"spillover1","fp","spillover1 fp",8,0,859,859,-0.5,0.5
"2603","Native",15,43,"spillover1","fp","spillover1 fp",8,0,489,489,-0.5,0.5
"2605","Native",15,35,"spillover1","fp","spillover1 fp",8,0,169,169,-0.5,0.5
"2607","Native",15,38,"spillover1","fp","spillover1 fp",7,0,161,161,0.5,0.5
"2609","Native",15,47,"spillover1","fp","spillover1 fp",8,0,558,558,-0.5,0.5
"2611","Native",15,34,"spillover1","fp","spillover1 fp",7,0,254,254,0.5,0.5
"2613","Native",15,42,"spillover1","fp","spillover1 fp",7,0,720,720,0.5,0.5
"2615","Native",15,39,"spillover1","fp","spillover1 fp",8,0,521,521,-0.5,0.5
"2617","Native",15,32,"spillover1","fp","spillover1 fp",5,0,803,803,0.5,-0.5
"2619","Native",15,30,"spillover1","fp","spillover1 fp",7,0,1473,1473,0.5,0.5
"2621","Native",15,48,"spillover1","fp","spillover1 fp",5,0,202,202,0.5,-0.5
"2623","Native",15,45,"spillover1","fp","spillover1 fp",6,0,166,166,-0.5,-0.5
"2625","Native",15,46,"spillover1","fp","spillover1 fp",7,0,448,448,0.5,0.5
"2627","Native",15,37,"spillover1","fp","spillover1 fp",6,0,162,162,-0.5,-0.5
"2629","Native",15,36,"spillover1","fp","spillover1 fp",5,0,555,555,0.5,-0.5
"2631","Native",15,29,"spillover1","fp","spillover1 fp",6,0,402,402,-0.5,-0.5
"2633","Native",15,40,"spillover1","fp","spillover1 fp",5,0,205,205,0.5,-0.5
"2635","Native",15,44,"spillover1","fp","spillover1 fp",5,0,438,438,0.5,-0.5
"2637","Native",15,41,"spillover1","fp","spillover1 fp",6,0,598,598,-0.5,-0.5
"2639","Native",15,26,"spillover1","fp","spillover1 fp",7,0,718,718,0.5,0.5
"2641","Native",16,25,"spillover1","fp","spillover1 fp",7,0,884,884,0.5,0.5
"2643","Native",16,29,"spillover1","fp","spillover1 fp",7,0,674,674,0.5,0.5
"2645","Native",16,35,"spillover1","fp","spillover1 fp",5,0,190,190,0.5,-0.5
"2647","Native",16,32,"spillover1","fp","spillover1 fp",6,0,388,388,-0.5,-0.5
"2649","Native",16,47,"spillover1","fp","spillover1 fp",5,0,1292,1292,0.5,-0.5
"2651","Native",16,37,"spillover1","fp","spillover1 fp",7,0,1080,1080,0.5,0.5
"2653","Native",16,43,"spillover1","fp","spillover1 fp",5,0,837,837,0.5,-0.5
"2655","Native",16,28,"spillover1","fp","spillover1 fp",6,0,111,111,-0.5,-0.5
"2657","Native",16,39,"spillover1","fp","spillover1 fp",5,0,964,964,0.5,-0.5
"2659","Native",16,30,"spillover1","fp","spillover1 fp",8,0,515,515,-0.5,0.5
"2661","Native",16,26,"spillover1","fp","spillover1 fp",8,0,353,353,-0.5,0.5
"2663","Native",16,27,"spillover1","fp","spillover1 fp",5,0,770,770,0.5,-0.5
"2665","Native",16,44,"spillover1","fp","spillover1 fp",6,0,163,163,-0.5,-0.5
"2667","Native",16,42,"spillover1","fp","spillover1 fp",8,0,908,908,-0.5,0.5
"2669","Native",16,33,"spillover1","fp","spillover1 fp",7,0,376,376,0.5,0.5
"2671","Native",16,45,"spillover1","fp","spillover1 fp",7,0,515,515,0.5,0.5
"2673","Native",16,48,"spillover1","fp","spillover1 fp",6,0,542,542,-0.5,-0.5
"2675","Native",16,46,"spillover1","fp","spillover1 fp",8,0,131,131,-0.5,0.5
"2677","Native",16,31,"spillover1","fp","spillover1 fp",5,0,967,967,0.5,-0.5
"2679","Native",16,38,"spillover1","fp","spillover1 fp",8,0,928,928,-0.5,0.5
"2681","Native",16,40,"spillover1","fp","spillover1 fp",6,0,156,156,-0.5,-0.5
"2683","Native",16,34,"spillover1","fp","spillover1 fp",8,1,0,NA,-0.5,0.5
"2685","Native",16,41,"spillover1","fp","spillover1 fp",7,0,567,567,0.5,0.5
"2687","Native",16,36,"spillover1","fp","spillover1 fp",6,0,146,146,-0.5,-0.5
"2689","Native",17,35,"spillover1","fp","spillover1 fp",6,0,207,207,-0.5,-0.5
"2691","Native",17,44,"spillover1","fp","spillover1 fp",7,0,151,151,0.5,0.5
"2693","Native",17,45,"spillover1","fp","spillover1 fp",8,0,145,145,-0.5,0.5
"2695","Native",17,27,"spillover1","fp","spillover1 fp",6,0,148,148,-0.5,-0.5
"2697","Native",17,32,"spillover1","fp","spillover1 fp",7,0,134,134,0.5,0.5
"2699","Native",17,31,"spillover1","fp","spillover1 fp",6,0,175,175,-0.5,-0.5
"2701","Native",17,43,"spillover1","fp","spillover1 fp",6,0,130,130,-0.5,-0.5
"2703","Native",17,25,"spillover1","fp","spillover1 fp",8,0,356,356,-0.5,0.5
"2705","Native",17,38,"spillover1","fp","spillover1 fp",5,0,1280,1280,0.5,-0.5
"2707","Native",17,46,"spillover1","fp","spillover1 fp",5,0,157,157,0.5,-0.5
"2709","Native",17,40,"spillover1","fp","spillover1 fp",7,0,186,186,0.5,0.5
"2711","Native",17,37,"spillover1","fp","spillover1 fp",8,0,186,186,-0.5,0.5
"2713","Native",17,41,"spillover1","fp","spillover1 fp",8,0,146,146,-0.5,0.5
"2715","Native",17,42,"spillover1","fp","spillover1 fp",5,0,139,139,0.5,-0.5
"2717","Native",17,30,"spillover1","fp","spillover1 fp",5,0,159,159,0.5,-0.5
"2719","Native",17,29,"spillover1","fp","spillover1 fp",8,0,319,319,-0.5,0.5
"2721","Native",17,28,"spillover1","fp","spillover1 fp",7,0,724,724,0.5,0.5
"2723","Native",17,33,"spillover1","fp","spillover1 fp",8,0,273,273,-0.5,0.5
"2725","Native",17,36,"spillover1","fp","spillover1 fp",7,0,162,162,0.5,0.5
"2727","Native",17,26,"spillover1","fp","spillover1 fp",5,0,155,155,0.5,-0.5
"2729","Native",17,34,"spillover1","fp","spillover1 fp",5,0,107,107,0.5,-0.5
"2731","Native",17,47,"spillover1","fp","spillover1 fp",6,0,149,149,-0.5,-0.5
"2733","Native",17,48,"spillover1","fp","spillover1 fp",7,0,152,152,0.5,0.5
"2735","Native",17,39,"spillover1","fp","spillover1 fp",6,0,135,135,-0.5,-0.5
"2738","Native",18,36,"spillover1","fp","spillover1 fp",8,0,154,154,-0.5,0.5
"2740","Native",18,34,"spillover1","fp","spillover1 fp",6,0,163,163,-0.5,-0.5
"2742","Native",18,28,"spillover1","fp","spillover1 fp",8,0,475,475,-0.5,0.5
"2744","Native",18,40,"spillover1","fp","spillover1 fp",8,0,419,419,-0.5,0.5
"2746","Native",18,33,"spillover1","fp","spillover1 fp",5,0,129,129,0.5,-0.5
"2748","Native",18,42,"spillover1","fp","spillover1 fp",6,0,151,151,-0.5,-0.5
"2750","Native",18,46,"spillover1","fp","spillover1 fp",6,0,134,134,-0.5,-0.5
"2752","Native",18,30,"spillover1","fp","spillover1 fp",6,0,148,148,-0.5,-0.5
"2754","Native",18,27,"spillover1","fp","spillover1 fp",7,0,459,459,0.5,0.5
"2756","Native",18,47,"spillover1","fp","spillover1 fp",7,0,142,142,0.5,0.5
"2758","Native",18,35,"spillover1","fp","spillover1 fp",7,0,974,974,0.5,0.5
"2760","Native",18,37,"spillover1","fp","spillover1 fp",5,0,947,947,0.5,-0.5
"2762","Native",18,25,"spillover1","fp","spillover1 fp",5,0,486,486,0.5,-0.5
"2764","Native",18,44,"spillover1","fp","spillover1 fp",8,0,425,425,-0.5,0.5
"2766","Native",18,39,"spillover1","fp","spillover1 fp",7,0,92,92,0.5,0.5
"2768","Native",18,41,"spillover1","fp","spillover1 fp",5,0,960,960,0.5,-0.5
"2770","Native",18,29,"spillover1","fp","spillover1 fp",5,0,359,359,0.5,-0.5
"2772","Native",18,32,"spillover1","fp","spillover1 fp",8,0,657,657,-0.5,0.5
"2774","Native",18,26,"spillover1","fp","spillover1 fp",6,1,0,NA,-0.5,-0.5
"2776","Native",18,31,"spillover1","fp","spillover1 fp",7,0,1111,1111,0.5,0.5
"2778","Native",18,43,"spillover1","fp","spillover1 fp",7,0,523,523,0.5,0.5
"2780","Native",18,45,"spillover1","fp","spillover1 fp",5,0,313,313,0.5,-0.5
"2782","Native",18,38,"spillover1","fp","spillover1 fp",6,0,174,174,-0.5,-0.5
"2784","Native",18,48,"spillover1","fp","spillover1 fp",8,0,190,190,-0.5,0.5
"2786","Native",19,26,"spillover1","fp","spillover1 fp",7,0,162,162,0.5,0.5
"2788","Native",19,27,"spillover1","fp","spillover1 fp",8,0,526,526,-0.5,0.5
"2790","Native",19,43,"spillover1","fp","spillover1 fp",8,0,488,488,-0.5,0.5
"2792","Native",19,40,"spillover1","fp","spillover1 fp",5,0,326,326,0.5,-0.5
"2794","Native",19,48,"spillover1","fp","spillover1 fp",5,0,602,602,0.5,-0.5
"2796","Native",19,38,"spillover1","fp","spillover1 fp",7,0,792,792,0.5,0.5
"2798","Native",19,28,"spillover1","fp","spillover1 fp",5,0,186,186,0.5,-0.5
"2800","Native",19,31,"spillover1","fp","spillover1 fp",8,0,150,150,-0.5,0.5
"2802","Native",19,37,"spillover1","fp","spillover1 fp",6,0,238,238,-0.5,-0.5
"2804","Native",19,30,"spillover1","fp","spillover1 fp",7,0,98,98,0.5,0.5
"2806","Native",19,44,"spillover1","fp","spillover1 fp",5,0,188,188,0.5,-0.5
"2808","Native",19,32,"spillover1","fp","spillover1 fp",5,0,760,760,0.5,-0.5
"2810","Native",19,42,"spillover1","fp","spillover1 fp",7,0,522,522,0.5,0.5
"2812","Native",19,46,"spillover1","fp","spillover1 fp",7,0,589,589,0.5,0.5
"2814","Native",19,34,"spillover1","fp","spillover1 fp",7,0,491,491,0.5,0.5
"2816","Native",19,39,"spillover1","fp","spillover1 fp",8,0,146,146,-0.5,0.5
"2818","Native",19,36,"spillover1","fp","spillover1 fp",5,0,661,661,0.5,-0.5
"2820","Native",19,35,"spillover1","fp","spillover1 fp",8,0,96,96,-0.5,0.5
"2822","Native",19,25,"spillover1","fp","spillover1 fp",6,0,245,245,-0.5,-0.5
"2824","Native",19,45,"spillover1","fp","spillover1 fp",6,0,141,141,-0.5,-0.5
"2826","Native",19,29,"spillover1","fp","spillover1 fp",6,0,213,213,-0.5,-0.5
"2828","Native",19,41,"spillover1","fp","spillover1 fp",6,0,226,226,-0.5,-0.5
"2830","Native",19,33,"spillover1","fp","spillover1 fp",6,0,243,243,-0.5,-0.5
"2832","Native",19,47,"spillover1","fp","spillover1 fp",8,0,165,165,-0.5,0.5
"2833","Native",20,44,"spillover1","fp","spillover1 fp",6,0,300,300,-0.5,-0.5
"2835","Native",20,42,"spillover1","fp","spillover1 fp",8,0,212,212,-0.5,0.5
"2837","Native",20,34,"spillover1","fp","spillover1 fp",8,0,205,205,-0.5,0.5
"2839","Native",20,27,"spillover1","fp","spillover1 fp",5,0,524,524,0.5,-0.5
"2841","Native",20,32,"spillover1","fp","spillover1 fp",6,0,391,391,-0.5,-0.5
"2843","Native",20,37,"spillover1","fp","spillover1 fp",7,0,394,394,0.5,0.5
"2845","Native",20,36,"spillover1","fp","spillover1 fp",6,0,325,325,-0.5,-0.5
"2847","Native",20,40,"spillover1","fp","spillover1 fp",6,0,458,458,-0.5,-0.5
"2849","Native",20,30,"spillover1","fp","spillover1 fp",8,0,371,371,-0.5,0.5
"2851","Native",20,48,"spillover1","fp","spillover1 fp",6,0,362,362,-0.5,-0.5
"2853","Native",20,45,"spillover1","fp","spillover1 fp",7,0,449,449,0.5,0.5
"2855","Native",20,28,"spillover1","fp","spillover1 fp",6,0,360,360,-0.5,-0.5
"2857","Native",20,47,"spillover1","fp","spillover1 fp",5,0,628,628,0.5,-0.5
"2859","Native",20,43,"spillover1","fp","spillover1 fp",5,0,488,488,0.5,-0.5
"2861","Native",20,33,"spillover1","fp","spillover1 fp",7,0,425,425,0.5,0.5
"2863","Native",20,41,"spillover1","fp","spillover1 fp",7,0,457,457,0.5,0.5
"2865","Native",20,46,"spillover1","fp","spillover1 fp",8,0,210,210,-0.5,0.5
"2867","Native",20,39,"spillover1","fp","spillover1 fp",5,0,598,598,0.5,-0.5
"2869","Native",20,35,"spillover1","fp","spillover1 fp",5,0,287,287,0.5,-0.5
"2871","Native",20,31,"spillover1","fp","spillover1 fp",5,0,258,258,0.5,-0.5
"2873","Native",20,29,"spillover1","fp","spillover1 fp",7,0,341,341,0.5,0.5
"2875","Native",20,38,"spillover1","fp","spillover1 fp",8,0,606,606,-0.5,0.5
"2877","Native",20,26,"spillover1","fp","spillover1 fp",8,0,318,318,-0.5,0.5
"2879","Native",20,25,"spillover1","fp","spillover1 fp",7,0,326,326,0.5,0.5
"2882","Native",21,47,"spillover1","fp","spillover1 fp",6,0,362,362,-0.5,-0.5
"2884","Native",21,33,"spillover1","fp","spillover1 fp",8,0,386,386,-0.5,0.5
"2886","Native",21,31,"spillover1","fp","spillover1 fp",6,0,526,526,-0.5,-0.5
"2888","Native",21,28,"spillover1","fp","spillover1 fp",7,0,666,666,0.5,0.5
"2890","Native",21,29,"spillover1","fp","spillover1 fp",8,0,628,628,-0.5,0.5
"2892","Native",21,26,"spillover1","fp","spillover1 fp",5,0,264,264,0.5,-0.5
"2894","Native",21,40,"spillover1","fp","spillover1 fp",7,0,424,424,0.5,0.5
"2896","Native",21,48,"spillover1","fp","spillover1 fp",7,0,176,176,0.5,0.5
"2898","Native",21,32,"spillover1","fp","spillover1 fp",7,0,670,670,0.5,0.5
"2900","Native",21,44,"spillover1","fp","spillover1 fp",7,0,134,134,0.5,0.5
"2902","Native",21,36,"spillover1","fp","spillover1 fp",7,0,206,206,0.5,0.5
"2904","Native",21,41,"spillover1","fp","spillover1 fp",8,0,524,524,-0.5,0.5
"2906","Native",21,34,"spillover1","fp","spillover1 fp",5,0,404,404,0.5,-0.5
"2908","Native",21,38,"spillover1","fp","spillover1 fp",5,0,422,422,0.5,-0.5
"2910","Native",21,43,"spillover1","fp","spillover1 fp",6,0,516,516,-0.5,-0.5
"2912","Native",21,25,"spillover1","fp","spillover1 fp",8,0,154,154,-0.5,0.5
"2914","Native",21,37,"spillover1","fp","spillover1 fp",8,0,840,840,-0.5,0.5
"2916","Native",21,27,"spillover1","fp","spillover1 fp",6,0,348,348,-0.5,-0.5
"2918","Native",21,46,"spillover1","fp","spillover1 fp",5,0,1066,1066,0.5,-0.5
"2920","Native",21,42,"spillover1","fp","spillover1 fp",5,0,200,200,0.5,-0.5
"2922","Native",21,45,"spillover1","fp","spillover1 fp",8,1,0,NA,-0.5,0.5
"2924","Native",21,35,"spillover1","fp","spillover1 fp",6,0,430,430,-0.5,-0.5
"2926","Native",21,39,"spillover1","fp","spillover1 fp",6,0,404,404,-0.5,-0.5
"2928","Native",21,30,"spillover1","fp","spillover1 fp",5,0,128,128,0.5,-0.5
"2930","Native",22,43,"spillover1","fp","spillover1 fp",7,0,137,137,0.5,0.5
"2932","Native",22,39,"spillover1","fp","spillover1 fp",7,0,627,627,0.5,0.5
"2934","Native",22,46,"spillover1","fp","spillover1 fp",6,0,173,173,-0.5,-0.5
"2936","Native",22,48,"spillover1","fp","spillover1 fp",8,0,256,256,-0.5,0.5
"2938","Native",22,40,"spillover1","fp","spillover1 fp",8,0,121,121,-0.5,0.5
"2940","Native",22,42,"spillover1","fp","spillover1 fp",6,0,166,166,-0.5,-0.5
"2942","Native",22,25,"spillover1","fp","spillover1 fp",5,0,541,541,0.5,-0.5
"2944","Native",22,35,"spillover1","fp","spillover1 fp",7,0,357,357,0.5,0.5
"2946","Native",22,29,"spillover1","fp","spillover1 fp",5,0,297,297,0.5,-0.5
"2948","Native",22,37,"spillover1","fp","spillover1 fp",5,0,546,546,0.5,-0.5
"2950","Native",22,45,"spillover1","fp","spillover1 fp",5,0,365,365,0.5,-0.5
"2952","Native",22,41,"spillover1","fp","spillover1 fp",5,0,353,353,0.5,-0.5
"2954","Native",22,26,"spillover1","fp","spillover1 fp",6,0,255,255,-0.5,-0.5
"2956","Native",22,32,"spillover1","fp","spillover1 fp",8,0,496,496,-0.5,0.5
"2958","Native",22,47,"spillover1","fp","spillover1 fp",7,0,688,688,0.5,0.5
"2960","Native",22,27,"spillover1","fp","spillover1 fp",7,0,500,500,0.5,0.5
"2962","Native",22,44,"spillover1","fp","spillover1 fp",8,0,177,177,-0.5,0.5
"2964","Native",22,28,"spillover1","fp","spillover1 fp",8,0,120,120,-0.5,0.5
"2966","Native",22,30,"spillover1","fp","spillover1 fp",6,0,351,351,-0.5,-0.5
"2968","Native",22,34,"spillover1","fp","spillover1 fp",6,0,322,322,-0.5,-0.5
"2970","Native",22,36,"spillover1","fp","spillover1 fp",8,0,360,360,-0.5,0.5
"2972","Native",22,31,"spillover1","fp","spillover1 fp",7,0,833,833,0.5,0.5
"2974","Native",22,33,"spillover1","fp","spillover1 fp",5,0,647,647,0.5,-0.5
"2976","Native",22,38,"spillover1","fp","spillover1 fp",6,0,493,493,-0.5,-0.5
"2978","Native",23,35,"spillover1","fp","spillover1 fp",5,0,506,506,0.5,-0.5
"2980","Native",23,42,"spillover1","fp","spillover1 fp",8,0,296,296,-0.5,0.5
"2982","Native",23,33,"spillover1","fp","spillover1 fp",7,0,630,630,0.5,0.5
"2984","Native",23,32,"spillover1","fp","spillover1 fp",6,0,549,549,-0.5,-0.5
"2986","Native",23,29,"spillover1","fp","spillover1 fp",7,0,124,124,0.5,0.5
"2988","Native",23,30,"spillover1","fp","spillover1 fp",8,0,239,239,-0.5,0.5
"2990","Native",23,26,"spillover1","fp","spillover1 fp",8,0,227,227,-0.5,0.5
"2992","Native",23,38,"spillover1","fp","spillover1 fp",8,0,279,279,-0.5,0.5
"2994","Native",23,34,"spillover1","fp","spillover1 fp",8,0,310,310,-0.5,0.5
"2996","Native",23,31,"spillover1","fp","spillover1 fp",5,0,1400,1400,0.5,-0.5
"2998","Native",23,41,"spillover1","fp","spillover1 fp",7,0,451,451,0.5,0.5
"3000","Native",23,47,"spillover1","fp","spillover1 fp",5,0,531,531,0.5,-0.5
"3002","Native",23,28,"spillover1","fp","spillover1 fp",6,0,436,436,-0.5,-0.5
"3004","Native",23,25,"spillover1","fp","spillover1 fp",7,0,210,210,0.5,0.5
"3006","Native",23,46,"spillover1","fp","spillover1 fp",8,0,85,85,-0.5,0.5
"3008","Native",23,43,"spillover1","fp","spillover1 fp",5,0,138,138,0.5,-0.5
"3010","Native",23,39,"spillover1","fp","spillover1 fp",5,0,116,116,0.5,-0.5
"3012","Native",23,27,"spillover1","fp","spillover1 fp",5,0,430,430,0.5,-0.5
"3014","Native",23,44,"spillover1","fp","spillover1 fp",6,0,114,114,-0.5,-0.5
"3016","Native",23,40,"spillover1","fp","spillover1 fp",6,0,175,175,-0.5,-0.5
"3018","Native",23,48,"spillover1","fp","spillover1 fp",6,0,251,251,-0.5,-0.5
"3020","Native",23,36,"spillover1","fp","spillover1 fp",6,0,371,371,-0.5,-0.5
"3022","Native",23,45,"spillover1","fp","spillover1 fp",7,0,789,789,0.5,0.5
"3024","Native",23,37,"spillover1","fp","spillover1 fp",7,0,922,922,0.5,0.5
"3026","Native",24,42,"spillover1","fp","spillover1 fp",7,0,923,923,0.5,0.5
"3028","Native",24,43,"spillover1","fp","spillover1 fp",8,0,933,933,-0.5,0.5
"3030","Native",24,33,"spillover1","fp","spillover1 fp",6,0,685,685,-0.5,-0.5
"3032","Native",24,41,"spillover1","fp","spillover1 fp",6,0,906,906,-0.5,-0.5
"3034","Native",24,45,"spillover1","fp","spillover1 fp",6,0,589,589,-0.5,-0.5
"3036","Native",24,44,"spillover1","fp","spillover1 fp",5,0,1443,1443,0.5,-0.5
"3038","Native",24,47,"spillover1","fp","spillover1 fp",8,0,494,494,-0.5,0.5
"3040","Native",24,38,"spillover1","fp","spillover1 fp",7,0,1069,1069,0.5,0.5
"3042","Native",24,28,"spillover1","fp","spillover1 fp",5,0,1429,1429,0.5,-0.5
"3044","Native",24,27,"spillover1","fp","spillover1 fp",8,0,673,673,-0.5,0.5
"3046","Native",24,31,"spillover1","fp","spillover1 fp",8,0,265,265,-0.5,0.5
"3048","Native",24,32,"spillover1","fp","spillover1 fp",5,0,1520,1520,0.5,-0.5
"3050","Native",24,30,"spillover1","fp","spillover1 fp",7,0,172,172,0.5,0.5
"3052","Native",24,46,"spillover1","fp","spillover1 fp",7,0,445,445,0.5,0.5
"3054","Native",24,35,"spillover1","fp","spillover1 fp",8,0,589,589,-0.5,0.5
"3056","Native",24,37,"spillover1","fp","spillover1 fp",6,0,663,663,-0.5,-0.5
"3058","Native",24,25,"spillover1","fp","spillover1 fp",6,0,626,626,-0.5,-0.5
"3060","Native",24,29,"spillover1","fp","spillover1 fp",6,0,557,557,-0.5,-0.5
"3062","Native",24,34,"spillover1","fp","spillover1 fp",7,0,797,797,0.5,0.5
"3064","Native",24,40,"spillover1","fp","spillover1 fp",5,0,1053,1053,0.5,-0.5
"3066","Native",24,39,"spillover1","fp","spillover1 fp",8,0,1584,1584,-0.5,0.5
"3068","Native",24,36,"spillover1","fp","spillover1 fp",5,0,1112,1112,0.5,-0.5
"3070","Native",24,48,"spillover1","fp","spillover1 fp",5,0,1061,1061,0.5,-0.5
"3072","Native",24,26,"spillover1","fp","spillover1 fp",7,0,960,960,0.5,0.5
"3074","Native",25,48,"spillover1","fp","spillover1 fp",6,0,200,200,-0.5,-0.5
"3076","Native",25,28,"spillover1","fp","spillover1 fp",6,0,541,541,-0.5,-0.5
"3078","Native",25,46,"spillover1","fp","spillover1 fp",8,0,180,180,-0.5,0.5
"3080","Native",25,27,"spillover1","fp","spillover1 fp",5,0,157,157,0.5,-0.5
"3082","Native",25,25,"spillover1","fp","spillover1 fp",7,0,517,517,0.5,0.5
"3084","Native",25,43,"spillover1","fp","spillover1 fp",5,0,1250,1250,0.5,-0.5
"3086","Native",25,34,"spillover1","fp","spillover1 fp",8,0,189,189,-0.5,0.5
"3088","Native",25,36,"spillover1","fp","spillover1 fp",6,0,205,205,-0.5,-0.5
"3090","Native",25,31,"spillover1","fp","spillover1 fp",5,0,862,862,0.5,-0.5
"3092","Native",25,37,"spillover1","fp","spillover1 fp",7,0,1002,1002,0.5,0.5
"3094","Native",25,30,"spillover1","fp","spillover1 fp",8,1,0,NA,-0.5,0.5
"3096","Native",25,45,"spillover1","fp","spillover1 fp",7,0,625,625,0.5,0.5
"3098","Native",25,38,"spillover1","fp","spillover1 fp",8,0,182,182,-0.5,0.5
"3100","Native",25,40,"spillover1","fp","spillover1 fp",6,0,437,437,-0.5,-0.5
"3102","Native",25,32,"spillover1","fp","spillover1 fp",6,0,743,743,-0.5,-0.5
"3104","Native",25,47,"spillover1","fp","spillover1 fp",5,0,1068,1068,0.5,-0.5
"3106","Native",25,41,"spillover1","fp","spillover1 fp",7,0,119,119,0.5,0.5
"3108","Native",25,33,"spillover1","fp","spillover1 fp",7,0,151,151,0.5,0.5
"3110","Native",25,26,"spillover1","fp","spillover1 fp",8,0,269,269,-0.5,0.5
"3112","Native",25,35,"spillover1","fp","spillover1 fp",5,0,319,319,0.5,-0.5
"3114","Native",25,42,"spillover1","fp","spillover1 fp",8,0,295,295,-0.5,0.5
"3116","Native",25,44,"spillover1","fp","spillover1 fp",6,0,262,262,-0.5,-0.5
"3118","Native",25,29,"spillover1","fp","spillover1 fp",7,0,178,178,0.5,0.5
"3120","Native",25,39,"spillover1","fp","spillover1 fp",5,0,1615,1615,0.5,-0.5
"3121","Native",26,27,"spillover1","fp","spillover1 fp",6,0,242,242,-0.5,-0.5
"3123","Native",26,33,"spillover1","fp","spillover1 fp",8,0,176,176,-0.5,0.5
"3125","Native",26,30,"spillover1","fp","spillover1 fp",5,0,176,176,0.5,-0.5
"3127","Native",26,42,"spillover1","fp","spillover1 fp",5,0,139,139,0.5,-0.5
"3129","Native",26,46,"spillover1","fp","spillover1 fp",5,0,538,538,0.5,-0.5
"3131","Native",26,29,"spillover1","fp","spillover1 fp",8,0,148,148,-0.5,0.5
"3133","Native",26,28,"spillover1","fp","spillover1 fp",7,0,1141,1141,0.5,0.5
"3135","Native",26,31,"spillover1","fp","spillover1 fp",6,0,1088,1088,-0.5,-0.5
"3137","Native",26,34,"spillover1","fp","spillover1 fp",5,0,214,214,0.5,-0.5
"3139","Native",26,43,"spillover1","fp","spillover1 fp",6,0,113,113,-0.5,-0.5
"3141","Native",26,26,"spillover1","fp","spillover1 fp",5,0,843,843,0.5,-0.5
"3143","Native",26,40,"spillover1","fp","spillover1 fp",7,0,117,117,0.5,0.5
"3145","Native",26,32,"spillover1","fp","spillover1 fp",7,0,1098,1098,0.5,0.5
"3147","Native",26,35,"spillover1","fp","spillover1 fp",6,0,185,185,-0.5,-0.5
"3149","Native",26,39,"spillover1","fp","spillover1 fp",6,0,693,693,-0.5,-0.5
"3151","Native",26,45,"spillover1","fp","spillover1 fp",8,0,215,215,-0.5,0.5
"3153","Native",26,37,"spillover1","fp","spillover1 fp",8,0,154,154,-0.5,0.5
"3155","Native",26,36,"spillover1","fp","spillover1 fp",7,0,390,390,0.5,0.5
"3157","Native",26,47,"spillover1","fp","spillover1 fp",6,0,540,540,-0.5,-0.5
"3159","Native",26,25,"spillover1","fp","spillover1 fp",8,0,134,134,-0.5,0.5
"3161","Native",26,38,"spillover1","fp","spillover1 fp",5,0,1086,1086,0.5,-0.5
"3163","Native",26,44,"spillover1","fp","spillover1 fp",7,0,288,288,0.5,0.5
"3165","Native",26,41,"spillover1","fp","spillover1 fp",8,0,450,450,-0.5,0.5
"3167","Native",26,48,"spillover1","fp","spillover1 fp",7,0,394,394,0.5,0.5
"3169","Native",27,34,"spillover1","fp","spillover1 fp",6,0,198,198,-0.5,-0.5
"3171","Native",27,28,"spillover1","fp","spillover1 fp",8,0,526,526,-0.5,0.5
"3173","Native",27,36,"spillover1","fp","spillover1 fp",8,0,320,320,-0.5,0.5
"3175","Native",27,25,"spillover1","fp","spillover1 fp",5,0,514,514,0.5,-0.5
"3177","Native",27,40,"spillover1","fp","spillover1 fp",8,0,352,352,-0.5,0.5
"3179","Native",27,33,"spillover1","fp","spillover1 fp",5,0,452,452,0.5,-0.5
"3181","Native",27,37,"spillover1","fp","spillover1 fp",5,0,602,602,0.5,-0.5
"3183","Native",27,48,"spillover1","fp","spillover1 fp",8,0,339,339,-0.5,0.5
"3185","Native",27,31,"spillover1","fp","spillover1 fp",7,0,1397,1397,0.5,0.5
"3187","Native",27,35,"spillover1","fp","spillover1 fp",7,0,188,188,0.5,0.5
"3189","Native",27,32,"spillover1","fp","spillover1 fp",8,0,504,504,-0.5,0.5
"3191","Native",27,47,"spillover1","fp","spillover1 fp",7,0,941,941,0.5,0.5
"3193","Native",27,27,"spillover1","fp","spillover1 fp",7,0,713,713,0.5,0.5
"3195","Native",27,30,"spillover1","fp","spillover1 fp",6,0,545,545,-0.5,-0.5
"3197","Native",27,45,"spillover1","fp","spillover1 fp",5,0,364,364,0.5,-0.5
"3199","Native",27,43,"spillover1","fp","spillover1 fp",7,0,953,953,0.5,0.5
"3201","Native",27,46,"spillover1","fp","spillover1 fp",6,0,513,513,-0.5,-0.5
"3203","Native",27,42,"spillover1","fp","spillover1 fp",6,0,407,407,-0.5,-0.5
"3205","Native",27,39,"spillover1","fp","spillover1 fp",7,0,1146,1146,0.5,0.5
"3207","Native",27,29,"spillover1","fp","spillover1 fp",5,0,494,494,0.5,-0.5
"3209","Native",27,38,"spillover1","fp","spillover1 fp",6,0,448,448,-0.5,-0.5
"3211","Native",27,44,"spillover1","fp","spillover1 fp",8,0,552,552,-0.5,0.5
"3213","Native",27,41,"spillover1","fp","spillover1 fp",5,0,621,621,0.5,-0.5
"3215","Native",27,26,"spillover1","fp","spillover1 fp",6,0,253,253,-0.5,-0.5
"3217","Native",28,39,"spillover1","fp","spillover1 fp",8,0,1014,1014,-0.5,0.5
"3219","Native",28,37,"spillover1","fp","spillover1 fp",6,0,428,428,-0.5,-0.5
"3221","Native",28,25,"spillover1","fp","spillover1 fp",6,0,694,694,-0.5,-0.5
"3223","Native",28,28,"spillover1","fp","spillover1 fp",5,0,462,462,0.5,-0.5
"3225","Native",28,36,"spillover1","fp","spillover1 fp",5,0,296,296,0.5,-0.5
"3227","Native",28,42,"spillover1","fp","spillover1 fp",7,0,214,214,0.5,0.5
"3229","Native",28,30,"spillover1","fp","spillover1 fp",7,0,176,176,0.5,0.5
"3231","Native",28,41,"spillover1","fp","spillover1 fp",6,0,538,538,-0.5,-0.5
"3233","Native",28,32,"spillover1","fp","spillover1 fp",5,0,1668,1668,0.5,-0.5
"3235","Native",28,35,"spillover1","fp","spillover1 fp",8,0,342,342,-0.5,0.5
"3237","Native",28,46,"spillover1","fp","spillover1 fp",7,0,670,670,0.5,0.5
"3239","Native",28,40,"spillover1","fp","spillover1 fp",5,0,430,430,0.5,-0.5
"3241","Native",28,31,"spillover1","fp","spillover1 fp",8,0,218,218,-0.5,0.5
"3243","Native",28,48,"spillover1","fp","spillover1 fp",5,0,526,526,0.5,-0.5
"3245","Native",28,34,"spillover1","fp","spillover1 fp",7,0,138,138,0.5,0.5
"3247","Native",28,44,"spillover1","fp","spillover1 fp",5,0,286,286,0.5,-0.5
"3249","Native",28,38,"spillover1","fp","spillover1 fp",7,0,952,952,0.5,0.5
"3251","Native",28,45,"spillover1","fp","spillover1 fp",6,0,398,398,-0.5,-0.5
"3253","Native",28,43,"spillover1","fp","spillover1 fp",8,0,396,396,-0.5,0.5
"3255","Native",28,29,"spillover1","fp","spillover1 fp",6,0,116,116,-0.5,-0.5
"3257","Native",28,27,"spillover1","fp","spillover1 fp",8,0,214,214,-0.5,0.5
"3259","Native",28,26,"spillover1","fp","spillover1 fp",7,0,704,704,0.5,0.5
"3261","Native",28,47,"spillover1","fp","spillover1 fp",8,0,336,336,-0.5,0.5
"3263","Native",28,33,"spillover1","fp","spillover1 fp",6,0,348,348,-0.5,-0.5
"3266","Native",29,40,"spillover1","fp","spillover1 fp",6,0,304,304,-0.5,-0.5
"3268","Native",29,34,"spillover1","fp","spillover1 fp",8,0,770,770,-0.5,0.5
"3270","Native",29,28,"spillover1","fp","spillover1 fp",6,0,262,262,-0.5,-0.5
"3272","Native",29,32,"spillover1","fp","spillover1 fp",6,0,518,518,-0.5,-0.5
"3274","Native",29,26,"spillover1","fp","spillover1 fp",8,0,1024,1024,-0.5,0.5
"3276","Native",29,33,"spillover1","fp","spillover1 fp",7,0,480,480,0.5,0.5
"3278","Native",29,30,"spillover1","fp","spillover1 fp",8,0,298,298,-0.5,0.5
"3280","Native",29,44,"spillover1","fp","spillover1 fp",6,0,382,382,-0.5,-0.5
"3282","Native",29,43,"spillover1","fp","spillover1 fp",5,0,576,576,0.5,-0.5
"3284","Native",29,37,"spillover1","fp","spillover1 fp",7,0,636,636,0.5,0.5
"3286","Native",29,25,"spillover1","fp","spillover1 fp",7,0,360,360,0.5,0.5
"3288","Native",29,45,"spillover1","fp","spillover1 fp",7,0,626,626,0.5,0.5
"3290","Native",29,29,"spillover1","fp","spillover1 fp",7,0,670,670,0.5,0.5
"3292","Native",29,31,"spillover1","fp","spillover1 fp",5,0,226,226,0.5,-0.5
"3294","Native",29,36,"spillover1","fp","spillover1 fp",6,0,868,868,-0.5,-0.5
"3296","Native",29,38,"spillover1","fp","spillover1 fp",8,0,142,142,-0.5,0.5
"3298","Native",29,46,"spillover1","fp","spillover1 fp",8,0,284,284,-0.5,0.5
"3300","Native",29,39,"spillover1","fp","spillover1 fp",5,0,842,842,0.5,-0.5
"3302","Native",29,35,"spillover1","fp","spillover1 fp",5,0,798,798,0.5,-0.5
"3304","Native",29,41,"spillover1","fp","spillover1 fp",7,0,900,900,0.5,0.5
"3306","Native",29,48,"spillover1","fp","spillover1 fp",6,0,144,144,-0.5,-0.5
"3308","Native",29,27,"spillover1","fp","spillover1 fp",5,0,158,158,0.5,-0.5
"3310","Native",29,42,"spillover1","fp","spillover1 fp",8,0,446,446,-0.5,0.5
"3312","Native",29,47,"spillover1","fp","spillover1 fp",5,0,676,676,0.5,-0.5
"3314","Native",30,25,"spillover1","fp","spillover1 fp",8,0,260,260,-0.5,0.5
"3316","Native",30,40,"spillover1","fp","spillover1 fp",7,0,1326,1326,0.5,0.5
"3318","Native",30,48,"spillover1","fp","spillover1 fp",7,0,282,282,0.5,0.5
"3320","Native",30,28,"spillover1","fp","spillover1 fp",7,0,816,816,0.5,0.5
"3322","Native",30,30,"spillover1","fp","spillover1 fp",5,0,112,112,0.5,-0.5
"3324","Native",30,41,"spillover1","fp","spillover1 fp",8,0,748,748,-0.5,0.5
"3326","Native",30,31,"spillover1","fp","spillover1 fp",6,0,222,222,-0.5,-0.5
"3328","Native",30,46,"spillover1","fp","spillover1 fp",5,0,134,134,0.5,-0.5
"3330","Native",30,27,"spillover1","fp","spillover1 fp",6,0,464,464,-0.5,-0.5
"3332","Native",30,43,"spillover1","fp","spillover1 fp",6,0,328,328,-0.5,-0.5
"3334","Native",30,37,"spillover1","fp","spillover1 fp",8,0,310,310,-0.5,0.5
"3336","Native",30,36,"spillover1","fp","spillover1 fp",7,0,340,340,0.5,0.5
"3338","Native",30,42,"spillover1","fp","spillover1 fp",5,0,108,108,0.5,-0.5
"3340","Native",30,47,"spillover1","fp","spillover1 fp",6,0,522,522,-0.5,-0.5
"3342","Native",30,35,"spillover1","fp","spillover1 fp",6,0,252,252,-0.5,-0.5
"3344","Native",30,34,"spillover1","fp","spillover1 fp",5,0,236,236,0.5,-0.5
"3346","Native",30,44,"spillover1","fp","spillover1 fp",7,0,926,926,0.5,0.5
"3348","Native",30,38,"spillover1","fp","spillover1 fp",5,0,738,738,0.5,-0.5
"3350","Native",30,45,"spillover1","fp","spillover1 fp",8,0,430,430,-0.5,0.5
"3352","Native",30,32,"spillover1","fp","spillover1 fp",7,0,606,606,0.5,0.5
"3354","Native",30,29,"spillover1","fp","spillover1 fp",8,0,578,578,-0.5,0.5
"3356","Native",30,26,"spillover1","fp","spillover1 fp",5,0,1508,1508,0.5,-0.5
"3358","Native",30,33,"spillover1","fp","spillover1 fp",8,0,422,422,-0.5,0.5
"3360","Native",30,39,"spillover1","fp","spillover1 fp",6,0,288,288,-0.5,-0.5
"3361","Native",31,32,"spillover1","fp","spillover1 fp",8,0,496,496,-0.5,0.5
"3363","Native",31,40,"spillover1","fp","spillover1 fp",8,0,158,158,-0.5,0.5
"3365","Native",31,47,"spillover1","fp","spillover1 fp",7,0,222,222,0.5,0.5
"3367","Native",31,42,"spillover1","fp","spillover1 fp",6,0,192,192,-0.5,-0.5
"3369","Native",31,29,"spillover1","fp","spillover1 fp",5,0,174,174,0.5,-0.5
"3371","Native",31,38,"spillover1","fp","spillover1 fp",6,0,346,346,-0.5,-0.5
"3373","Native",31,41,"spillover1","fp","spillover1 fp",5,0,172,172,0.5,-0.5
"3375","Native",31,37,"spillover1","fp","spillover1 fp",5,0,552,552,0.5,-0.5
"3377","Native",31,44,"spillover1","fp","spillover1 fp",8,0,462,462,-0.5,0.5
"3379","Native",31,35,"spillover1","fp","spillover1 fp",7,0,206,206,0.5,0.5
"3381","Native",31,30,"spillover1","fp","spillover1 fp",6,0,268,268,-0.5,-0.5
"3383","Native",31,33,"spillover1","fp","spillover1 fp",5,0,330,330,0.5,-0.5
"3385","Native",31,45,"spillover1","fp","spillover1 fp",5,0,158,158,0.5,-0.5
"3387","Native",31,26,"spillover1","fp","spillover1 fp",6,0,346,346,-0.5,-0.5
"3389","Native",31,25,"spillover1","fp","spillover1 fp",5,0,308,308,0.5,-0.5
"3391","Native",31,28,"spillover1","fp","spillover1 fp",8,0,748,748,-0.5,0.5
"3393","Native",31,46,"spillover1","fp","spillover1 fp",6,0,234,234,-0.5,-0.5
"3395","Native",31,31,"spillover1","fp","spillover1 fp",7,0,146,146,0.5,0.5
"3397","Native",31,36,"spillover1","fp","spillover1 fp",8,0,304,304,-0.5,0.5
"3399","Native",31,27,"spillover1","fp","spillover1 fp",7,0,328,328,0.5,0.5
"3401","Native",31,48,"spillover1","fp","spillover1 fp",8,0,202,202,-0.5,0.5
"3403","Native",31,43,"spillover1","fp","spillover1 fp",7,0,366,366,0.5,0.5
"3405","Native",31,34,"spillover1","fp","spillover1 fp",6,0,192,192,-0.5,-0.5
"3407","Native",31,39,"spillover1","fp","spillover1 fp",7,0,466,466,0.5,0.5
"3410","Native",32,47,"spillover1","fp","spillover1 fp",8,0,210,210,-0.5,0.5
"3412","Native",32,35,"spillover1","fp","spillover1 fp",8,0,158,158,-0.5,0.5
"3414","Native",32,31,"spillover1","fp","spillover1 fp",8,0,184,184,-0.5,0.5
"3416","Native",32,48,"spillover1","fp","spillover1 fp",5,0,296,296,0.5,-0.5
"3418","Native",32,26,"spillover1","fp","spillover1 fp",7,0,168,168,0.5,0.5
"3420","Native",32,33,"spillover1","fp","spillover1 fp",6,0,162,162,-0.5,-0.5
"3422","Native",32,43,"spillover1","fp","spillover1 fp",8,0,500,500,-0.5,0.5
"3424","Native",32,30,"spillover1","fp","spillover1 fp",7,0,250,250,0.5,0.5
"3426","Native",32,36,"spillover1","fp","spillover1 fp",5,0,324,324,0.5,-0.5
"3428","Native",32,44,"spillover1","fp","spillover1 fp",5,0,400,400,0.5,-0.5
"3430","Native",32,34,"spillover1","fp","spillover1 fp",7,0,308,308,0.5,0.5
"3432","Native",32,42,"spillover1","fp","spillover1 fp",7,0,216,216,0.5,0.5
"3434","Native",32,37,"spillover1","fp","spillover1 fp",6,0,316,316,-0.5,-0.5
"3436","Native",32,29,"spillover1","fp","spillover1 fp",6,0,360,360,-0.5,-0.5
"3438","Native",32,41,"spillover1","fp","spillover1 fp",6,0,170,170,-0.5,-0.5
"3440","Native",32,32,"spillover1","fp","spillover1 fp",5,0,338,338,0.5,-0.5
"3442","Native",32,27,"spillover1","fp","spillover1 fp",8,0,182,182,-0.5,0.5
"3444","Native",32,46,"spillover1","fp","spillover1 fp",7,0,312,312,0.5,0.5
"3446","Native",32,38,"spillover1","fp","spillover1 fp",7,0,838,838,0.5,0.5
"3448","Native",32,28,"spillover1","fp","spillover1 fp",5,0,150,150,0.5,-0.5
"3450","Native",32,25,"spillover1","fp","spillover1 fp",6,0,162,162,-0.5,-0.5
"3452","Native",32,45,"spillover1","fp","spillover1 fp",6,0,178,178,-0.5,-0.5
"3454","Native",32,39,"spillover1","fp","spillover1 fp",8,0,238,238,-0.5,0.5
"3456","Native",32,40,"spillover1","fp","spillover1 fp",5,0,256,256,0.5,-0.5
"3458","Native",33,42,"spillover1","fp","spillover1 fp",8,0,218,218,-0.5,0.5
"3460","Native",33,25,"spillover1","fp","spillover1 fp",7,0,138,138,0.5,0.5
"3462","Native",33,37,"spillover1","fp","spillover1 fp",7,0,1580,1580,0.5,0.5
"3464","Native",33,41,"spillover1","fp","spillover1 fp",7,0,902,902,0.5,0.5
"3466","Native",33,40,"spillover1","fp","spillover1 fp",6,0,366,366,-0.5,-0.5
"3468","Native",33,31,"spillover1","fp","spillover1 fp",5,0,1066,1066,0.5,-0.5
"3470","Native",33,30,"spillover1","fp","spillover1 fp",8,0,610,610,-0.5,0.5
"3472","Native",33,35,"spillover1","fp","spillover1 fp",5,0,670,670,0.5,-0.5
"3474","Native",33,27,"spillover1","fp","spillover1 fp",5,0,1050,1050,0.5,-0.5
"3476","Native",33,39,"spillover1","fp","spillover1 fp",5,0,952,952,0.5,-0.5
"3478","Native",33,47,"spillover1","fp","spillover1 fp",5,0,918,918,0.5,-0.5
"3480","Native",33,43,"spillover1","fp","spillover1 fp",5,0,784,784,0.5,-0.5
"3482","Native",33,28,"spillover1","fp","spillover1 fp",6,0,482,482,-0.5,-0.5
"3484","Native",33,46,"spillover1","fp","spillover1 fp",8,0,328,328,-0.5,0.5
"3486","Native",33,38,"spillover1","fp","spillover1 fp",8,0,470,470,-0.5,0.5
"3488","Native",33,44,"spillover1","fp","spillover1 fp",6,0,160,160,-0.5,-0.5
"3490","Native",33,33,"spillover1","fp","spillover1 fp",7,0,418,418,0.5,0.5
"3492","Native",33,48,"spillover1","fp","spillover1 fp",6,0,396,396,-0.5,-0.5
"3494","Native",33,34,"spillover1","fp","spillover1 fp",8,0,274,274,-0.5,0.5
"3496","Native",33,36,"spillover1","fp","spillover1 fp",6,0,224,224,-0.5,-0.5
"3498","Native",33,45,"spillover1","fp","spillover1 fp",7,0,422,422,0.5,0.5
"3500","Native",33,32,"spillover1","fp","spillover1 fp",6,0,610,610,-0.5,-0.5
"3502","Native",33,26,"spillover1","fp","spillover1 fp",8,0,276,276,-0.5,0.5
"3504","Native",33,29,"spillover1","fp","spillover1 fp",7,0,432,432,0.5,0.5
"3505","Native",34,40,"spillover1","fp","spillover1 fp",7,0,514,514,0.5,0.5
"3507","Native",34,29,"spillover1","fp","spillover1 fp",8,0,644,644,-0.5,0.5
"3509","Native",34,45,"spillover1","fp","spillover1 fp",8,0,394,394,-0.5,0.5
"3511","Native",34,32,"spillover1","fp","spillover1 fp",7,0,1234,1234,0.5,0.5
"3513","Native",34,28,"spillover1","fp","spillover1 fp",7,0,1471,1471,0.5,0.5
"3515","Native",34,44,"spillover1","fp","spillover1 fp",7,0,1250,1250,0.5,0.5
"3517","Native",34,39,"spillover1","fp","spillover1 fp",6,0,782,782,-0.5,-0.5
"3519","Native",34,43,"spillover1","fp","spillover1 fp",6,0,511,511,-0.5,-0.5
"3521","Native",34,25,"spillover1","fp","spillover1 fp",8,0,403,403,-0.5,0.5
"3523","Native",34,31,"spillover1","fp","spillover1 fp",6,0,379,379,-0.5,-0.5
"3525","Native",34,26,"spillover1","fp","spillover1 fp",5,0,246,246,0.5,-0.5
"3527","Native",34,30,"spillover1","fp","spillover1 fp",5,0,797,797,0.5,-0.5
"3529","Native",34,48,"spillover1","fp","spillover1 fp",7,0,725,725,0.5,0.5
"3531","Native",34,41,"spillover1","fp","spillover1 fp",8,0,1032,1032,-0.5,0.5
"3533","Native",34,27,"spillover1","fp","spillover1 fp",6,0,479,479,-0.5,-0.5
"3535","Native",34,34,"spillover1","fp","spillover1 fp",5,0,1063,1063,0.5,-0.5
"3537","Native",34,35,"spillover1","fp","spillover1 fp",6,0,153,153,-0.5,-0.5
"3539","Native",34,37,"spillover1","fp","spillover1 fp",8,0,1024,1024,-0.5,0.5
"3541","Native",34,46,"spillover1","fp","spillover1 fp",5,0,395,395,0.5,-0.5
"3543","Native",34,36,"spillover1","fp","spillover1 fp",7,0,660,660,0.5,0.5
"3545","Native",34,33,"spillover1","fp","spillover1 fp",8,0,302,302,-0.5,0.5
"3547","Native",34,42,"spillover1","fp","spillover1 fp",5,0,404,404,0.5,-0.5
"3549","Native",34,38,"spillover1","fp","spillover1 fp",5,0,255,255,0.5,-0.5
"3551","Native",34,47,"spillover1","fp","spillover1 fp",6,0,336,336,-0.5,-0.5
"3554","Native",35,38,"spillover1","fp","spillover1 fp",5,0,204,204,0.5,-0.5
"3556","Native",35,48,"spillover1","fp","spillover1 fp",7,0,340,340,0.5,0.5
"3558","Native",35,47,"spillover1","fp","spillover1 fp",6,0,188,188,-0.5,-0.5
"3560","Native",35,32,"spillover1","fp","spillover1 fp",7,0,1204,1204,0.5,0.5
"3562","Native",35,42,"spillover1","fp","spillover1 fp",5,0,676,676,0.5,-0.5
"3564","Native",35,31,"spillover1","fp","spillover1 fp",6,0,476,476,-0.5,-0.5
"3566","Native",35,40,"spillover1","fp","spillover1 fp",7,0,206,206,0.5,0.5
"3568","Native",35,33,"spillover1","fp","spillover1 fp",8,0,352,352,-0.5,0.5
"3570","Native",35,29,"spillover1","fp","spillover1 fp",8,0,312,312,-0.5,0.5
"3572","Native",35,41,"spillover1","fp","spillover1 fp",8,0,674,674,-0.5,0.5
"3574","Native",35,46,"spillover1","fp","spillover1 fp",5,0,198,198,0.5,-0.5
"3576","Native",35,45,"spillover1","fp","spillover1 fp",8,0,412,412,-0.5,0.5
"3578","Native",35,39,"spillover1","fp","spillover1 fp",6,0,278,278,-0.5,-0.5
"3580","Native",35,28,"spillover1","fp","spillover1 fp",7,0,296,296,0.5,0.5
"3582","Native",35,44,"spillover1","fp","spillover1 fp",7,0,232,232,0.5,0.5
"3584","Native",35,37,"spillover1","fp","spillover1 fp",8,0,214,214,-0.5,0.5
"3586","Native",35,25,"spillover1","fp","spillover1 fp",8,0,378,378,-0.5,0.5
"3588","Native",35,27,"spillover1","fp","spillover1 fp",6,0,256,256,-0.5,-0.5
"3590","Native",35,36,"spillover1","fp","spillover1 fp",7,0,404,404,0.5,0.5
"3592","Native",35,34,"spillover1","fp","spillover1 fp",5,0,338,338,0.5,-0.5
"3594","Native",35,43,"spillover1","fp","spillover1 fp",6,0,478,478,-0.5,-0.5
"3596","Native",35,26,"spillover1","fp","spillover1 fp",5,0,474,474,0.5,-0.5
"3598","Native",35,30,"spillover1","fp","spillover1 fp",5,0,398,398,0.5,-0.5
"3600","Native",35,35,"spillover1","fp","spillover1 fp",6,0,418,418,-0.5,-0.5
"3602","Native",36,40,"spillover1","fp","spillover1 fp",8,0,355,355,-0.5,0.5
"3604","Native",36,42,"spillover1","fp","spillover1 fp",6,0,303,303,-0.5,-0.5
"3606","Native",36,41,"spillover1","fp","spillover1 fp",5,0,639,639,0.5,-0.5
"3608","Native",36,25,"spillover1","fp","spillover1 fp",5,0,612,612,0.5,-0.5
"3610","Native",36,37,"spillover1","fp","spillover1 fp",5,0,954,954,0.5,-0.5
"3612","Native",36,44,"spillover1","fp","spillover1 fp",8,0,401,401,-0.5,0.5
"3614","Native",36,29,"spillover1","fp","spillover1 fp",5,0,444,444,0.5,-0.5
"3616","Native",36,38,"spillover1","fp","spillover1 fp",6,0,345,345,-0.5,-0.5
"3618","Native",36,31,"spillover1","fp","spillover1 fp",7,0,852,852,0.5,0.5
"3620","Native",36,30,"spillover1","fp","spillover1 fp",6,0,226,226,-0.5,-0.5
"3622","Native",36,35,"spillover1","fp","spillover1 fp",7,0,154,154,0.5,0.5
"3624","Native",36,47,"spillover1","fp","spillover1 fp",7,0,978,978,0.5,0.5
"3626","Native",36,32,"spillover1","fp","spillover1 fp",8,0,776,776,-0.5,0.5
"3628","Native",36,34,"spillover1","fp","spillover1 fp",6,0,259,259,-0.5,-0.5
"3630","Native",36,36,"spillover1","fp","spillover1 fp",8,0,360,360,-0.5,0.5
"3632","Native",36,46,"spillover1","fp","spillover1 fp",6,0,367,367,-0.5,-0.5
"3634","Native",36,39,"spillover1","fp","spillover1 fp",7,0,2658,2658,0.5,0.5
"3636","Native",36,27,"spillover1","fp","spillover1 fp",7,0,360,360,0.5,0.5
"3638","Native",36,33,"spillover1","fp","spillover1 fp",5,0,614,614,0.5,-0.5
"3640","Native",36,28,"spillover1","fp","spillover1 fp",8,0,641,641,-0.5,0.5
"3642","Native",36,26,"spillover1","fp","spillover1 fp",6,0,490,490,-0.5,-0.5
"3644","Native",36,43,"spillover1","fp","spillover1 fp",7,0,901,901,0.5,0.5
"3646","Native",36,45,"spillover1","fp","spillover1 fp",5,0,694,694,0.5,-0.5
"3648","Native",36,48,"spillover1","fp","spillover1 fp",8,0,216,216,-0.5,0.5
"3650","Native",37,26,"spillover1","fp","spillover1 fp",7,0,937,937,0.5,0.5
"3652","Native",37,45,"spillover1","fp","spillover1 fp",6,0,203,203,-0.5,-0.5
"3654","Native",37,46,"spillover1","fp","spillover1 fp",7,0,787,787,0.5,0.5
"3656","Native",37,43,"spillover1","fp","spillover1 fp",8,0,547,547,-0.5,0.5
"3658","Native",37,31,"spillover1","fp","spillover1 fp",8,0,602,602,-0.5,0.5
"3660","Native",37,29,"spillover1","fp","spillover1 fp",6,0,411,411,-0.5,-0.5
"3662","Native",37,44,"spillover1","fp","spillover1 fp",5,0,333,333,0.5,-0.5
"3664","Native",37,39,"spillover1","fp","spillover1 fp",8,0,535,535,-0.5,0.5
"3666","Native",37,36,"spillover1","fp","spillover1 fp",5,0,439,439,0.5,-0.5
"3668","Native",37,38,"spillover1","fp","spillover1 fp",7,0,183,183,0.5,0.5
"3670","Native",37,42,"spillover1","fp","spillover1 fp",7,0,667,667,0.5,0.5
"3672","Native",37,34,"spillover1","fp","spillover1 fp",7,0,180,180,0.5,0.5
"3674","Native",37,28,"spillover1","fp","spillover1 fp",5,0,474,474,0.5,-0.5
"3676","Native",37,37,"spillover1","fp","spillover1 fp",6,0,276,276,-0.5,-0.5
"3678","Native",37,48,"spillover1","fp","spillover1 fp",5,0,573,573,0.5,-0.5
"3680","Native",37,47,"spillover1","fp","spillover1 fp",8,0,294,294,-0.5,0.5
"3682","Native",37,40,"spillover1","fp","spillover1 fp",5,0,378,378,0.5,-0.5
"3684","Native",37,30,"spillover1","fp","spillover1 fp",7,0,852,852,0.5,0.5
"3686","Native",37,32,"spillover1","fp","spillover1 fp",5,0,880,880,0.5,-0.5
"3688","Native",37,35,"spillover1","fp","spillover1 fp",8,0,304,304,-0.5,0.5
"3690","Native",37,27,"spillover1","fp","spillover1 fp",8,0,290,290,-0.5,0.5
"3692","Native",37,25,"spillover1","fp","spillover1 fp",6,0,199,199,-0.5,-0.5
"3694","Native",37,41,"spillover1","fp","spillover1 fp",6,0,273,273,-0.5,-0.5
"3696","Native",37,33,"spillover1","fp","spillover1 fp",6,0,257,257,-0.5,-0.5
"3697","Native",38,39,"spillover1","fp","spillover1 fp",5,0,577,577,0.5,-0.5
"3699","Native",38,46,"spillover1","fp","spillover1 fp",8,0,138,138,-0.5,0.5
"3701","Native",38,25,"spillover1","fp","spillover1 fp",7,0,444,444,0.5,0.5
"3703","Native",38,27,"spillover1","fp","spillover1 fp",5,0,205,205,0.5,-0.5
"3705","Native",38,32,"spillover1","fp","spillover1 fp",6,0,175,175,-0.5,-0.5
"3707","Native",38,43,"spillover1","fp","spillover1 fp",5,0,1071,1071,0.5,-0.5
"3709","Native",38,44,"spillover1","fp","spillover1 fp",6,0,98,98,-0.5,-0.5
"3711","Native",38,37,"spillover1","fp","spillover1 fp",7,0,790,790,0.5,0.5
"3713","Native",38,40,"spillover1","fp","spillover1 fp",6,0,178,178,-0.5,-0.5
"3715","Native",38,38,"spillover1","fp","spillover1 fp",8,0,435,435,-0.5,0.5
"3717","Native",38,48,"spillover1","fp","spillover1 fp",6,0,197,197,-0.5,-0.5
"3719","Native",38,35,"spillover1","fp","spillover1 fp",5,0,491,491,0.5,-0.5
"3721","Native",38,36,"spillover1","fp","spillover1 fp",6,0,202,202,-0.5,-0.5
"3723","Native",38,28,"spillover1","fp","spillover1 fp",6,0,421,421,-0.5,-0.5
"3725","Native",38,30,"spillover1","fp","spillover1 fp",8,0,164,164,-0.5,0.5
"3727","Native",38,45,"spillover1","fp","spillover1 fp",7,0,406,406,0.5,0.5
"3729","Native",38,33,"spillover1","fp","spillover1 fp",7,0,195,195,0.5,0.5
"3731","Native",38,47,"spillover1","fp","spillover1 fp",5,0,219,219,0.5,-0.5
"3733","Native",38,31,"spillover1","fp","spillover1 fp",5,0,678,678,0.5,-0.5
"3735","Native",38,26,"spillover1","fp","spillover1 fp",8,0,156,156,-0.5,0.5
"3737","Native",38,41,"spillover1","fp","spillover1 fp",7,0,450,450,0.5,0.5
"3739","Native",38,29,"spillover1","fp","spillover1 fp",7,0,289,289,0.5,0.5
"3741","Native",38,34,"spillover1","fp","spillover1 fp",8,0,175,175,-0.5,0.5
"3743","Native",38,42,"spillover1","fp","spillover1 fp",8,0,222,222,-0.5,0.5
"3745","Native",39,27,"spillover1","fp","spillover1 fp",6,0,479,479,-0.5,-0.5
"3747","Native",39,37,"spillover1","fp","spillover1 fp",8,0,277,277,-0.5,0.5
"3749","Native",39,45,"spillover1","fp","spillover1 fp",8,0,663,663,-0.5,0.5
"3751","Native",39,34,"spillover1","fp","spillover1 fp",5,0,526,526,0.5,-0.5
"3753","Native",39,31,"spillover1","fp","spillover1 fp",6,0,248,248,-0.5,-0.5
"3755","Native",39,39,"spillover1","fp","spillover1 fp",6,0,652,652,-0.5,-0.5
"3757","Native",39,46,"spillover1","fp","spillover1 fp",5,0,578,578,0.5,-0.5
"3759","Native",39,40,"spillover1","fp","spillover1 fp",7,0,1205,1205,0.5,0.5
"3761","Native",39,43,"spillover1","fp","spillover1 fp",6,0,893,893,-0.5,-0.5
"3763","Native",39,47,"spillover1","fp","spillover1 fp",6,0,1002,1002,-0.5,-0.5
"3765","Native",39,44,"spillover1","fp","spillover1 fp",7,0,1607,1607,0.5,0.5
"3767","Native",39,33,"spillover1","fp","spillover1 fp",8,0,571,571,-0.5,0.5
"3769","Native",39,36,"spillover1","fp","spillover1 fp",7,0,233,233,0.5,0.5
"3771","Native",39,41,"spillover1","fp","spillover1 fp",8,0,573,573,-0.5,0.5
"3773","Native",39,25,"spillover1","fp","spillover1 fp",8,0,923,923,-0.5,0.5
"3775","Native",39,38,"spillover1","fp","spillover1 fp",5,0,669,669,0.5,-0.5
"3777","Native",39,29,"spillover1","fp","spillover1 fp",8,1,0,NA,-0.5,0.5
"3779","Native",39,48,"spillover1","fp","spillover1 fp",7,0,799,799,0.5,0.5
"3781","Native",39,30,"spillover1","fp","spillover1 fp",5,0,954,954,0.5,-0.5
"3783","Native",39,42,"spillover1","fp","spillover1 fp",5,0,296,296,0.5,-0.5
"3785","Native",39,32,"spillover1","fp","spillover1 fp",7,0,842,842,0.5,0.5
"3787","Native",39,28,"spillover1","fp","spillover1 fp",7,0,925,925,0.5,0.5
"3789","Native",39,26,"spillover1","fp","spillover1 fp",5,0,1118,1118,0.5,-0.5
"3791","Native",39,35,"spillover1","fp","spillover1 fp",6,0,634,634,-0.5,-0.5
"3794","Native",40,30,"spillover1","fp","spillover1 fp",6,0,137,137,-0.5,-0.5
"3796","Native",40,48,"spillover1","fp","spillover1 fp",8,0,86,86,-0.5,0.5
"3798","Native",40,32,"spillover1","fp","spillover1 fp",8,0,254,254,-0.5,0.5
"3800","Native",40,40,"spillover1","fp","spillover1 fp",8,0,258,258,-0.5,0.5
"3802","Native",40,36,"spillover1","fp","spillover1 fp",8,0,281,281,-0.5,0.5
"3804","Native",40,31,"spillover1","fp","spillover1 fp",7,0,326,326,0.5,0.5
"3806","Native",40,38,"spillover1","fp","spillover1 fp",6,0,197,197,-0.5,-0.5
"3808","Native",40,27,"spillover1","fp","spillover1 fp",7,0,309,309,0.5,0.5
"3810","Native",40,43,"spillover1","fp","spillover1 fp",7,0,173,173,0.5,0.5
"3812","Native",40,47,"spillover1","fp","spillover1 fp",7,0,300,300,0.5,0.5
"3814","Native",40,28,"spillover1","fp","spillover1 fp",8,0,125,125,-0.5,0.5
"3816","Native",40,42,"spillover1","fp","spillover1 fp",6,0,685,685,-0.5,-0.5
"3818","Native",40,39,"spillover1","fp","spillover1 fp",7,0,395,395,0.5,0.5
"3820","Native",40,45,"spillover1","fp","spillover1 fp",5,0,296,296,0.5,-0.5
"3822","Native",40,26,"spillover1","fp","spillover1 fp",6,0,140,140,-0.5,-0.5
"3824","Native",40,37,"spillover1","fp","spillover1 fp",5,0,168,168,0.5,-0.5
"3826","Native",40,34,"spillover1","fp","spillover1 fp",6,0,187,187,-0.5,-0.5
"3828","Native",40,25,"spillover1","fp","spillover1 fp",5,0,287,287,0.5,-0.5
"3830","Native",40,29,"spillover1","fp","spillover1 fp",5,0,244,244,0.5,-0.5
"3832","Native",40,33,"spillover1","fp","spillover1 fp",5,0,158,158,0.5,-0.5
"3834","Native",40,44,"spillover1","fp","spillover1 fp",8,0,271,271,-0.5,0.5
"3836","Native",40,46,"spillover1","fp","spillover1 fp",6,0,261,261,-0.5,-0.5
"3838","Native",40,41,"spillover1","fp","spillover1 fp",5,0,143,143,0.5,-0.5
"3840","Native",40,35,"spillover1","fp","spillover1 fp",7,0,303,303,0.5,0.5
