"","group","subject","item","region","measure","sort","condition","skips","rawdata","nozero","ambiguity","gender"
"24962","Native",1,24,"spillover1","tt","spillover1 tt",4,0,364,364,-0.5,0.5
"24964","Native",1,12,"spillover1","tt","spillover1 tt",4,0,1577,1577,-0.5,0.5
"24966","Native",1,6,"spillover1","tt","spillover1 tt",2,0,367,367,0.5,0.5
"24968","Native",1,7,"spillover1","tt","spillover1 tt",3,0,418,418,-0.5,-0.5
"24970","Native",1,14,"spillover1","tt","spillover1 tt",2,0,348,348,0.5,0.5
"24972","Native",1,21,"spillover1","tt","spillover1 tt",1,0,671,671,0.5,-0.5
"24974","Native",1,19,"spillover1","tt","spillover1 tt",3,0,206,206,-0.5,-0.5
"24976","Native",1,17,"spillover1","tt","spillover1 tt",1,0,851,851,0.5,-0.5
"24978","Native",1,10,"spillover1","tt","spillover1 tt",2,0,515,515,0.5,0.5
"24980","Native",1,23,"spillover1","tt","spillover1 tt",3,0,809,809,-0.5,-0.5
"24982","Native",1,15,"spillover1","tt","spillover1 tt",3,0,195,195,-0.5,-0.5
"24984","Native",1,1,"spillover1","tt","spillover1 tt",1,0,179,179,0.5,-0.5
"24986","Native",1,2,"spillover1","tt","spillover1 tt",2,0,209,209,0.5,0.5
"24988","Native",1,5,"spillover1","tt","spillover1 tt",1,0,408,408,0.5,-0.5
"24990","Native",1,16,"spillover1","tt","spillover1 tt",4,0,233,233,-0.5,0.5
"24992","Native",1,3,"spillover1","tt","spillover1 tt",3,0,1383,1383,-0.5,-0.5
"24994","Native",1,13,"spillover1","tt","spillover1 tt",1,0,819,819,0.5,-0.5
"24996","Native",1,11,"spillover1","tt","spillover1 tt",3,0,220,220,-0.5,-0.5
"24998","Native",1,9,"spillover1","tt","spillover1 tt",1,0,178,178,0.5,-0.5
"25000","Native",1,8,"spillover1","tt","spillover1 tt",4,0,914,914,-0.5,0.5
"25002","Native",1,4,"spillover1","tt","spillover1 tt",4,0,224,224,-0.5,0.5
"25004","Native",1,20,"spillover1","tt","spillover1 tt",4,0,1082,1082,-0.5,0.5
"25006","Native",1,18,"spillover1","tt","spillover1 tt",2,0,266,266,0.5,0.5
"25008","Native",1,22,"spillover1","tt","spillover1 tt",2,0,433,433,0.5,0.5
"25010","Native",2,14,"spillover1","tt","spillover1 tt",3,0,975,975,-0.5,-0.5
"25012","Native",2,4,"spillover1","tt","spillover1 tt",1,0,705,705,0.5,-0.5
"25014","Native",2,19,"spillover1","tt","spillover1 tt",4,0,386,386,-0.5,0.5
"25016","Native",2,1,"spillover1","tt","spillover1 tt",2,0,528,528,0.5,0.5
"25018","Native",2,5,"spillover1","tt","spillover1 tt",2,0,792,792,0.5,0.5
"25020","Native",2,15,"spillover1","tt","spillover1 tt",4,0,1247,1247,-0.5,0.5
"25022","Native",2,7,"spillover1","tt","spillover1 tt",4,0,300,300,-0.5,0.5
"25024","Native",2,18,"spillover1","tt","spillover1 tt",3,0,288,288,-0.5,-0.5
"25026","Native",2,6,"spillover1","tt","spillover1 tt",3,0,359,359,-0.5,-0.5
"25028","Native",2,22,"spillover1","tt","spillover1 tt",3,0,683,683,-0.5,-0.5
"25030","Native",2,10,"spillover1","tt","spillover1 tt",3,0,131,131,-0.5,-0.5
"25032","Native",2,8,"spillover1","tt","spillover1 tt",1,0,696,696,0.5,-0.5
"25034","Native",2,24,"spillover1","tt","spillover1 tt",1,0,499,499,0.5,-0.5
"25036","Native",2,17,"spillover1","tt","spillover1 tt",2,0,681,681,0.5,0.5
"25038","Native",2,2,"spillover1","tt","spillover1 tt",3,0,211,211,-0.5,-0.5
"25040","Native",2,11,"spillover1","tt","spillover1 tt",4,0,250,250,-0.5,0.5
"25042","Native",2,3,"spillover1","tt","spillover1 tt",4,0,162,162,-0.5,0.5
"25044","Native",2,21,"spillover1","tt","spillover1 tt",2,0,183,183,0.5,0.5
"25046","Native",2,20,"spillover1","tt","spillover1 tt",1,0,194,194,0.5,-0.5
"25048","Native",2,16,"spillover1","tt","spillover1 tt",1,0,373,373,0.5,-0.5
"25050","Native",2,13,"spillover1","tt","spillover1 tt",2,0,198,198,0.5,0.5
"25052","Native",2,9,"spillover1","tt","spillover1 tt",2,0,1286,1286,0.5,0.5
"25054","Native",2,12,"spillover1","tt","spillover1 tt",1,0,457,457,0.5,-0.5
"25056","Native",2,23,"spillover1","tt","spillover1 tt",4,0,366,366,-0.5,0.5
"25057","Native",3,11,"spillover1","tt","spillover1 tt",1,0,373,373,0.5,-0.5
"25059","Native",3,21,"spillover1","tt","spillover1 tt",3,0,343,343,-0.5,-0.5
"25061","Native",3,2,"spillover1","tt","spillover1 tt",4,0,2092,2092,-0.5,0.5
"25063","Native",3,20,"spillover1","tt","spillover1 tt",2,0,1398,1398,0.5,0.5
"25065","Native",3,9,"spillover1","tt","spillover1 tt",3,0,274,274,-0.5,-0.5
"25067","Native",3,4,"spillover1","tt","spillover1 tt",2,0,1676,1676,0.5,0.5
"25069","Native",3,3,"spillover1","tt","spillover1 tt",1,0,637,637,0.5,-0.5
"25071","Native",3,1,"spillover1","tt","spillover1 tt",3,0,469,469,-0.5,-0.5
"25073","Native",3,13,"spillover1","tt","spillover1 tt",3,0,659,659,-0.5,-0.5
"25075","Native",3,18,"spillover1","tt","spillover1 tt",4,0,384,384,-0.5,0.5
"25077","Native",3,7,"spillover1","tt","spillover1 tt",1,0,1359,1359,0.5,-0.5
"25079","Native",3,5,"spillover1","tt","spillover1 tt",3,0,836,836,-0.5,-0.5
"25081","Native",3,15,"spillover1","tt","spillover1 tt",1,0,315,315,0.5,-0.5
"25083","Native",3,16,"spillover1","tt","spillover1 tt",2,0,488,488,0.5,0.5
"25085","Native",3,8,"spillover1","tt","spillover1 tt",2,0,1158,1158,0.5,0.5
"25087","Native",3,22,"spillover1","tt","spillover1 tt",4,0,1887,1887,-0.5,0.5
"25089","Native",3,17,"spillover1","tt","spillover1 tt",3,0,419,419,-0.5,-0.5
"25091","Native",3,19,"spillover1","tt","spillover1 tt",1,0,434,434,0.5,-0.5
"25093","Native",3,23,"spillover1","tt","spillover1 tt",1,0,1121,1121,0.5,-0.5
"25095","Native",3,14,"spillover1","tt","spillover1 tt",4,0,446,446,-0.5,0.5
"25097","Native",3,24,"spillover1","tt","spillover1 tt",2,0,587,587,0.5,0.5
"25099","Native",3,10,"spillover1","tt","spillover1 tt",4,0,403,403,-0.5,0.5
"25101","Native",3,12,"spillover1","tt","spillover1 tt",2,0,952,952,0.5,0.5
"25103","Native",3,6,"spillover1","tt","spillover1 tt",4,0,857,857,-0.5,0.5
"25105","Native",4,21,"spillover1","tt","spillover1 tt",4,0,338,338,-0.5,0.5
"25107","Native",4,14,"spillover1","tt","spillover1 tt",1,0,244,244,0.5,-0.5
"25109","Native",4,22,"spillover1","tt","spillover1 tt",1,0,351,351,0.5,-0.5
"25111","Native",4,11,"spillover1","tt","spillover1 tt",2,0,223,223,0.5,0.5
"25113","Native",4,15,"spillover1","tt","spillover1 tt",2,0,361,361,0.5,0.5
"25115","Native",4,23,"spillover1","tt","spillover1 tt",2,0,423,423,0.5,0.5
"25117","Native",4,18,"spillover1","tt","spillover1 tt",1,0,342,342,0.5,-0.5
"25119","Native",4,6,"spillover1","tt","spillover1 tt",1,0,248,248,0.5,-0.5
"25121","Native",4,10,"spillover1","tt","spillover1 tt",1,0,155,155,0.5,-0.5
"25123","Native",4,12,"spillover1","tt","spillover1 tt",3,0,347,347,-0.5,-0.5
"25125","Native",4,19,"spillover1","tt","spillover1 tt",2,0,240,240,0.5,0.5
"25127","Native",4,1,"spillover1","tt","spillover1 tt",4,0,173,173,-0.5,0.5
"25129","Native",4,20,"spillover1","tt","spillover1 tt",3,0,254,254,-0.5,-0.5
"25131","Native",4,16,"spillover1","tt","spillover1 tt",3,0,505,505,-0.5,-0.5
"25133","Native",4,2,"spillover1","tt","spillover1 tt",1,0,270,270,0.5,-0.5
"25135","Native",4,5,"spillover1","tt","spillover1 tt",4,0,167,167,-0.5,0.5
"25137","Native",4,17,"spillover1","tt","spillover1 tt",4,0,808,808,-0.5,0.5
"25139","Native",4,24,"spillover1","tt","spillover1 tt",3,0,392,392,-0.5,-0.5
"25141","Native",4,13,"spillover1","tt","spillover1 tt",4,0,313,313,-0.5,0.5
"25143","Native",4,8,"spillover1","tt","spillover1 tt",3,0,235,235,-0.5,-0.5
"25145","Native",4,9,"spillover1","tt","spillover1 tt",4,0,484,484,-0.5,0.5
"25147","Native",4,7,"spillover1","tt","spillover1 tt",2,0,277,277,0.5,0.5
"25149","Native",4,4,"spillover1","tt","spillover1 tt",3,0,362,362,-0.5,-0.5
"25151","Native",4,3,"spillover1","tt","spillover1 tt",2,0,158,158,0.5,0.5
"25154","Native",5,8,"spillover1","tt","spillover1 tt",4,0,1258,1258,-0.5,0.5
"25156","Native",5,4,"spillover1","tt","spillover1 tt",4,0,831,831,-0.5,0.5
"25158","Native",5,19,"spillover1","tt","spillover1 tt",3,0,342,342,-0.5,-0.5
"25160","Native",5,21,"spillover1","tt","spillover1 tt",1,0,1008,1008,0.5,-0.5
"25162","Native",5,13,"spillover1","tt","spillover1 tt",1,0,762,762,0.5,-0.5
"25164","Native",5,9,"spillover1","tt","spillover1 tt",1,0,205,205,0.5,-0.5
"25166","Native",5,3,"spillover1","tt","spillover1 tt",3,0,676,676,-0.5,-0.5
"25168","Native",5,12,"spillover1","tt","spillover1 tt",4,0,287,287,-0.5,0.5
"25170","Native",5,2,"spillover1","tt","spillover1 tt",2,0,206,206,0.5,0.5
"25172","Native",5,15,"spillover1","tt","spillover1 tt",3,0,160,160,-0.5,-0.5
"25174","Native",5,5,"spillover1","tt","spillover1 tt",1,0,333,333,0.5,-0.5
"25176","Native",5,7,"spillover1","tt","spillover1 tt",3,0,204,204,-0.5,-0.5
"25178","Native",5,22,"spillover1","tt","spillover1 tt",2,0,241,241,0.5,0.5
"25180","Native",5,17,"spillover1","tt","spillover1 tt",1,0,529,529,0.5,-0.5
"25182","Native",5,16,"spillover1","tt","spillover1 tt",4,0,172,172,-0.5,0.5
"25184","Native",5,1,"spillover1","tt","spillover1 tt",1,0,359,359,0.5,-0.5
"25186","Native",5,14,"spillover1","tt","spillover1 tt",2,0,164,164,0.5,0.5
"25188","Native",5,24,"spillover1","tt","spillover1 tt",4,0,283,283,-0.5,0.5
"25190","Native",5,23,"spillover1","tt","spillover1 tt",3,0,184,184,-0.5,-0.5
"25192","Native",5,18,"spillover1","tt","spillover1 tt",2,0,384,384,0.5,0.5
"25194","Native",5,11,"spillover1","tt","spillover1 tt",3,0,338,338,-0.5,-0.5
"25196","Native",5,20,"spillover1","tt","spillover1 tt",4,0,403,403,-0.5,0.5
"25198","Native",5,10,"spillover1","tt","spillover1 tt",2,0,180,180,0.5,0.5
"25200","Native",5,6,"spillover1","tt","spillover1 tt",2,0,381,381,0.5,0.5
"25201","Native",6,12,"spillover1","tt","spillover1 tt",1,0,133,133,0.5,-0.5
"25203","Native",6,14,"spillover1","tt","spillover1 tt",3,0,150,150,-0.5,-0.5
"25205","Native",6,5,"spillover1","tt","spillover1 tt",2,0,133,133,0.5,0.5
"25207","Native",6,22,"spillover1","tt","spillover1 tt",3,0,102,102,-0.5,-0.5
"25209","Native",6,15,"spillover1","tt","spillover1 tt",4,0,82,82,-0.5,0.5
"25211","Native",6,17,"spillover1","tt","spillover1 tt",2,0,657,657,0.5,0.5
"25213","Native",6,3,"spillover1","tt","spillover1 tt",4,0,110,110,-0.5,0.5
"25215","Native",6,2,"spillover1","tt","spillover1 tt",3,0,251,251,-0.5,-0.5
"25217","Native",6,9,"spillover1","tt","spillover1 tt",2,0,146,146,0.5,0.5
"25219","Native",6,8,"spillover1","tt","spillover1 tt",1,0,482,482,0.5,-0.5
"25221","Native",6,24,"spillover1","tt","spillover1 tt",1,0,441,441,0.5,-0.5
"25223","Native",6,11,"spillover1","tt","spillover1 tt",4,0,454,454,-0.5,0.5
"25225","Native",6,16,"spillover1","tt","spillover1 tt",1,0,147,147,0.5,-0.5
"25227","Native",6,21,"spillover1","tt","spillover1 tt",2,0,193,193,0.5,0.5
"25229","Native",6,13,"spillover1","tt","spillover1 tt",2,0,343,343,0.5,0.5
"25231","Native",6,7,"spillover1","tt","spillover1 tt",4,0,360,360,-0.5,0.5
"25233","Native",6,19,"spillover1","tt","spillover1 tt",4,0,398,398,-0.5,0.5
"25235","Native",6,23,"spillover1","tt","spillover1 tt",4,0,180,180,-0.5,0.5
"25237","Native",6,1,"spillover1","tt","spillover1 tt",2,0,287,287,0.5,0.5
"25239","Native",6,6,"spillover1","tt","spillover1 tt",3,0,144,144,-0.5,-0.5
"25241","Native",6,4,"spillover1","tt","spillover1 tt",1,0,143,143,0.5,-0.5
"25243","Native",6,20,"spillover1","tt","spillover1 tt",1,0,330,330,0.5,-0.5
"25245","Native",6,10,"spillover1","tt","spillover1 tt",3,1,0,NA,-0.5,-0.5
"25247","Native",6,18,"spillover1","tt","spillover1 tt",3,0,227,227,-0.5,-0.5
"25250","Native",7,16,"spillover1","tt","spillover1 tt",2,0,524,524,0.5,0.5
"25252","Native",7,14,"spillover1","tt","spillover1 tt",4,0,1328,1328,-0.5,0.5
"25254","Native",7,12,"spillover1","tt","spillover1 tt",2,0,1684,1684,0.5,0.5
"25256","Native",7,20,"spillover1","tt","spillover1 tt",2,0,2369,2369,0.5,0.5
"25258","Native",7,10,"spillover1","tt","spillover1 tt",4,0,158,158,-0.5,0.5
"25260","Native",7,24,"spillover1","tt","spillover1 tt",2,0,992,992,0.5,0.5
"25262","Native",7,22,"spillover1","tt","spillover1 tt",4,0,1281,1281,-0.5,0.5
"25264","Native",7,23,"spillover1","tt","spillover1 tt",1,0,616,616,0.5,-0.5
"25266","Native",7,18,"spillover1","tt","spillover1 tt",4,0,885,885,-0.5,0.5
"25268","Native",7,8,"spillover1","tt","spillover1 tt",2,0,2341,2341,0.5,0.5
"25270","Native",7,1,"spillover1","tt","spillover1 tt",3,0,626,626,-0.5,-0.5
"25272","Native",7,2,"spillover1","tt","spillover1 tt",4,0,1777,1777,-0.5,0.5
"25274","Native",7,13,"spillover1","tt","spillover1 tt",3,0,159,159,-0.5,-0.5
"25276","Native",7,11,"spillover1","tt","spillover1 tt",1,0,885,885,0.5,-0.5
"25278","Native",7,5,"spillover1","tt","spillover1 tt",3,0,324,324,-0.5,-0.5
"25280","Native",7,3,"spillover1","tt","spillover1 tt",1,0,1190,1190,0.5,-0.5
"25282","Native",7,19,"spillover1","tt","spillover1 tt",1,0,410,410,0.5,-0.5
"25284","Native",7,7,"spillover1","tt","spillover1 tt",1,0,578,578,0.5,-0.5
"25286","Native",7,15,"spillover1","tt","spillover1 tt",1,0,153,153,0.5,-0.5
"25288","Native",7,4,"spillover1","tt","spillover1 tt",2,0,631,631,0.5,0.5
"25290","Native",7,17,"spillover1","tt","spillover1 tt",3,0,313,313,-0.5,-0.5
"25292","Native",7,21,"spillover1","tt","spillover1 tt",3,0,205,205,-0.5,-0.5
"25294","Native",7,6,"spillover1","tt","spillover1 tt",4,0,160,160,-0.5,0.5
"25296","Native",7,9,"spillover1","tt","spillover1 tt",3,0,302,302,-0.5,-0.5
"25297","Native",8,11,"spillover1","tt","spillover1 tt",2,0,242,242,0.5,0.5
"25299","Native",8,17,"spillover1","tt","spillover1 tt",4,0,221,221,-0.5,0.5
"25301","Native",8,2,"spillover1","tt","spillover1 tt",1,0,321,321,0.5,-0.5
"25303","Native",8,18,"spillover1","tt","spillover1 tt",1,0,246,246,0.5,-0.5
"25305","Native",8,14,"spillover1","tt","spillover1 tt",1,0,245,245,0.5,-0.5
"25307","Native",8,4,"spillover1","tt","spillover1 tt",3,0,692,692,-0.5,-0.5
"25309","Native",8,23,"spillover1","tt","spillover1 tt",2,0,387,387,0.5,0.5
"25311","Native",8,21,"spillover1","tt","spillover1 tt",4,0,312,312,-0.5,0.5
"25313","Native",8,5,"spillover1","tt","spillover1 tt",4,0,509,509,-0.5,0.5
"25315","Native",8,1,"spillover1","tt","spillover1 tt",4,0,206,206,-0.5,0.5
"25317","Native",8,6,"spillover1","tt","spillover1 tt",1,0,590,590,0.5,-0.5
"25319","Native",8,7,"spillover1","tt","spillover1 tt",2,0,660,660,0.5,0.5
"25321","Native",8,12,"spillover1","tt","spillover1 tt",3,0,233,233,-0.5,-0.5
"25323","Native",8,10,"spillover1","tt","spillover1 tt",1,0,285,285,0.5,-0.5
"25325","Native",8,16,"spillover1","tt","spillover1 tt",3,0,214,214,-0.5,-0.5
"25327","Native",8,8,"spillover1","tt","spillover1 tt",3,0,336,336,-0.5,-0.5
"25329","Native",8,19,"spillover1","tt","spillover1 tt",2,0,1100,1100,0.5,0.5
"25331","Native",8,15,"spillover1","tt","spillover1 tt",2,0,220,220,0.5,0.5
"25333","Native",8,22,"spillover1","tt","spillover1 tt",1,0,567,567,0.5,-0.5
"25335","Native",8,9,"spillover1","tt","spillover1 tt",4,0,460,460,-0.5,0.5
"25337","Native",8,24,"spillover1","tt","spillover1 tt",3,0,230,230,-0.5,-0.5
"25339","Native",8,13,"spillover1","tt","spillover1 tt",4,0,509,509,-0.5,0.5
"25341","Native",8,3,"spillover1","tt","spillover1 tt",2,0,596,596,0.5,0.5
"25343","Native",8,20,"spillover1","tt","spillover1 tt",3,0,210,210,-0.5,-0.5
"25346","Native",9,9,"spillover1","tt","spillover1 tt",1,0,388,388,0.5,-0.5
"25348","Native",9,3,"spillover1","tt","spillover1 tt",3,0,752,752,-0.5,-0.5
"25350","Native",9,5,"spillover1","tt","spillover1 tt",1,0,174,174,0.5,-0.5
"25352","Native",9,22,"spillover1","tt","spillover1 tt",2,0,754,754,0.5,0.5
"25354","Native",9,2,"spillover1","tt","spillover1 tt",2,0,799,799,0.5,0.5
"25356","Native",9,7,"spillover1","tt","spillover1 tt",3,0,584,584,-0.5,-0.5
"25358","Native",9,6,"spillover1","tt","spillover1 tt",2,0,464,464,0.5,0.5
"25360","Native",9,13,"spillover1","tt","spillover1 tt",1,0,235,235,0.5,-0.5
"25362","Native",9,24,"spillover1","tt","spillover1 tt",4,0,536,536,-0.5,0.5
"25364","Native",9,14,"spillover1","tt","spillover1 tt",2,0,488,488,0.5,0.5
"25366","Native",9,12,"spillover1","tt","spillover1 tt",4,0,619,619,-0.5,0.5
"25368","Native",9,20,"spillover1","tt","spillover1 tt",4,0,183,183,-0.5,0.5
"25370","Native",9,4,"spillover1","tt","spillover1 tt",4,0,533,533,-0.5,0.5
"25372","Native",9,23,"spillover1","tt","spillover1 tt",3,0,515,515,-0.5,-0.5
"25374","Native",9,10,"spillover1","tt","spillover1 tt",2,0,394,394,0.5,0.5
"25376","Native",9,1,"spillover1","tt","spillover1 tt",1,0,540,540,0.5,-0.5
"25378","Native",9,16,"spillover1","tt","spillover1 tt",4,0,176,176,-0.5,0.5
"25380","Native",9,18,"spillover1","tt","spillover1 tt",2,0,475,475,0.5,0.5
"25382","Native",9,21,"spillover1","tt","spillover1 tt",1,0,890,890,0.5,-0.5
"25384","Native",9,15,"spillover1","tt","spillover1 tt",3,0,227,227,-0.5,-0.5
"25386","Native",9,17,"spillover1","tt","spillover1 tt",1,0,160,160,0.5,-0.5
"25388","Native",9,11,"spillover1","tt","spillover1 tt",3,0,243,243,-0.5,-0.5
"25390","Native",9,19,"spillover1","tt","spillover1 tt",3,0,329,329,-0.5,-0.5
"25392","Native",9,8,"spillover1","tt","spillover1 tt",4,0,381,381,-0.5,0.5
"25394","Native",10,13,"spillover1","tt","spillover1 tt",2,0,546,546,0.5,0.5
"25396","Native",10,3,"spillover1","tt","spillover1 tt",4,0,345,345,-0.5,0.5
"25398","Native",10,9,"spillover1","tt","spillover1 tt",2,0,275,275,0.5,0.5
"25400","Native",10,20,"spillover1","tt","spillover1 tt",1,0,705,705,0.5,-0.5
"25402","Native",10,1,"spillover1","tt","spillover1 tt",2,0,371,371,0.5,0.5
"25404","Native",10,5,"spillover1","tt","spillover1 tt",2,0,235,235,0.5,0.5
"25406","Native",10,6,"spillover1","tt","spillover1 tt",3,0,416,416,-0.5,-0.5
"25408","Native",10,4,"spillover1","tt","spillover1 tt",1,0,444,444,0.5,-0.5
"25410","Native",10,23,"spillover1","tt","spillover1 tt",4,0,746,746,-0.5,0.5
"25412","Native",10,17,"spillover1","tt","spillover1 tt",2,0,199,199,0.5,0.5
"25414","Native",10,2,"spillover1","tt","spillover1 tt",3,0,530,530,-0.5,-0.5
"25416","Native",10,11,"spillover1","tt","spillover1 tt",4,0,165,165,-0.5,0.5
"25418","Native",10,16,"spillover1","tt","spillover1 tt",1,0,398,398,0.5,-0.5
"25420","Native",10,15,"spillover1","tt","spillover1 tt",4,0,152,152,-0.5,0.5
"25422","Native",10,21,"spillover1","tt","spillover1 tt",2,0,559,559,0.5,0.5
"25424","Native",10,18,"spillover1","tt","spillover1 tt",3,0,241,241,-0.5,-0.5
"25426","Native",10,10,"spillover1","tt","spillover1 tt",3,0,166,166,-0.5,-0.5
"25428","Native",10,22,"spillover1","tt","spillover1 tt",3,0,256,256,-0.5,-0.5
"25430","Native",10,14,"spillover1","tt","spillover1 tt",3,0,206,206,-0.5,-0.5
"25432","Native",10,12,"spillover1","tt","spillover1 tt",1,0,245,245,0.5,-0.5
"25434","Native",10,8,"spillover1","tt","spillover1 tt",1,0,232,232,0.5,-0.5
"25436","Native",10,19,"spillover1","tt","spillover1 tt",4,0,214,214,-0.5,0.5
"25438","Native",10,24,"spillover1","tt","spillover1 tt",1,0,718,718,0.5,-0.5
"25440","Native",10,7,"spillover1","tt","spillover1 tt",4,0,224,224,-0.5,0.5
"25442","Native",11,6,"spillover1","tt","spillover1 tt",4,0,364,364,-0.5,0.5
"25444","Native",11,14,"spillover1","tt","spillover1 tt",4,0,406,406,-0.5,0.5
"25446","Native",11,15,"spillover1","tt","spillover1 tt",1,0,278,278,0.5,-0.5
"25448","Native",11,18,"spillover1","tt","spillover1 tt",4,0,288,288,-0.5,0.5
"25450","Native",11,20,"spillover1","tt","spillover1 tt",2,0,722,722,0.5,0.5
"25452","Native",11,13,"spillover1","tt","spillover1 tt",3,0,592,592,-0.5,-0.5
"25454","Native",11,8,"spillover1","tt","spillover1 tt",2,0,400,400,0.5,0.5
"25456","Native",11,9,"spillover1","tt","spillover1 tt",3,0,348,348,-0.5,-0.5
"25458","Native",11,19,"spillover1","tt","spillover1 tt",1,0,1418,1418,0.5,-0.5
"25460","Native",11,24,"spillover1","tt","spillover1 tt",2,0,404,404,0.5,0.5
"25462","Native",11,2,"spillover1","tt","spillover1 tt",4,0,288,288,-0.5,0.5
"25464","Native",11,10,"spillover1","tt","spillover1 tt",4,0,840,840,-0.5,0.5
"25466","Native",11,23,"spillover1","tt","spillover1 tt",1,0,322,322,0.5,-0.5
"25468","Native",11,12,"spillover1","tt","spillover1 tt",2,0,596,596,0.5,0.5
"25470","Native",11,21,"spillover1","tt","spillover1 tt",3,0,674,674,-0.5,-0.5
"25472","Native",11,16,"spillover1","tt","spillover1 tt",2,0,332,332,0.5,0.5
"25474","Native",11,7,"spillover1","tt","spillover1 tt",1,0,214,214,0.5,-0.5
"25476","Native",11,5,"spillover1","tt","spillover1 tt",3,0,396,396,-0.5,-0.5
"25478","Native",11,3,"spillover1","tt","spillover1 tt",1,0,798,798,0.5,-0.5
"25480","Native",11,1,"spillover1","tt","spillover1 tt",3,0,316,316,-0.5,-0.5
"25482","Native",11,4,"spillover1","tt","spillover1 tt",2,0,950,950,0.5,0.5
"25484","Native",11,17,"spillover1","tt","spillover1 tt",3,0,700,700,-0.5,-0.5
"25486","Native",11,11,"spillover1","tt","spillover1 tt",1,0,506,506,0.5,-0.5
"25488","Native",11,22,"spillover1","tt","spillover1 tt",4,0,106,106,-0.5,0.5
"25490","Native",12,21,"spillover1","tt","spillover1 tt",2,0,836,836,0.5,0.5
"25492","Native",12,17,"spillover1","tt","spillover1 tt",2,0,415,415,0.5,0.5
"25494","Native",12,6,"spillover1","tt","spillover1 tt",3,0,163,163,-0.5,-0.5
"25496","Native",12,10,"spillover1","tt","spillover1 tt",3,0,183,183,-0.5,-0.5
"25498","Native",12,18,"spillover1","tt","spillover1 tt",3,0,323,323,-0.5,-0.5
"25500","Native",12,16,"spillover1","tt","spillover1 tt",1,0,258,258,0.5,-0.5
"25502","Native",12,15,"spillover1","tt","spillover1 tt",4,0,432,432,-0.5,0.5
"25504","Native",12,1,"spillover1","tt","spillover1 tt",2,0,460,460,0.5,0.5
"25506","Native",12,9,"spillover1","tt","spillover1 tt",2,0,838,838,0.5,0.5
"25508","Native",12,11,"spillover1","tt","spillover1 tt",4,0,190,190,-0.5,0.5
"25510","Native",12,8,"spillover1","tt","spillover1 tt",1,0,616,616,0.5,-0.5
"25512","Native",12,23,"spillover1","tt","spillover1 tt",4,0,573,573,-0.5,0.5
"25514","Native",12,5,"spillover1","tt","spillover1 tt",2,0,1109,1109,0.5,0.5
"25516","Native",12,2,"spillover1","tt","spillover1 tt",3,0,900,900,-0.5,-0.5
"25518","Native",12,4,"spillover1","tt","spillover1 tt",1,0,156,156,0.5,-0.5
"25520","Native",12,19,"spillover1","tt","spillover1 tt",4,0,768,768,-0.5,0.5
"25522","Native",12,14,"spillover1","tt","spillover1 tt",3,0,200,200,-0.5,-0.5
"25524","Native",12,13,"spillover1","tt","spillover1 tt",2,0,209,209,0.5,0.5
"25526","Native",12,24,"spillover1","tt","spillover1 tt",1,0,392,392,0.5,-0.5
"25528","Native",12,12,"spillover1","tt","spillover1 tt",1,0,706,706,0.5,-0.5
"25530","Native",12,22,"spillover1","tt","spillover1 tt",3,0,174,174,-0.5,-0.5
"25532","Native",12,20,"spillover1","tt","spillover1 tt",1,0,247,247,0.5,-0.5
"25534","Native",12,3,"spillover1","tt","spillover1 tt",4,0,563,563,-0.5,0.5
"25536","Native",12,7,"spillover1","tt","spillover1 tt",4,0,1134,1134,-0.5,0.5
"25537","Native",13,5,"spillover1","tt","spillover1 tt",4,0,364,364,-0.5,0.5
"25539","Native",13,18,"spillover1","tt","spillover1 tt",1,0,1301,1301,0.5,-0.5
"25541","Native",13,17,"spillover1","tt","spillover1 tt",4,0,330,330,-0.5,0.5
"25543","Native",13,4,"spillover1","tt","spillover1 tt",3,0,259,259,-0.5,-0.5
"25545","Native",13,9,"spillover1","tt","spillover1 tt",4,0,825,825,-0.5,0.5
"25547","Native",13,10,"spillover1","tt","spillover1 tt",1,0,581,581,0.5,-0.5
"25549","Native",13,20,"spillover1","tt","spillover1 tt",3,0,266,266,-0.5,-0.5
"25551","Native",13,22,"spillover1","tt","spillover1 tt",1,0,636,636,0.5,-0.5
"25553","Native",13,13,"spillover1","tt","spillover1 tt",4,0,461,461,-0.5,0.5
"25555","Native",13,24,"spillover1","tt","spillover1 tt",3,0,173,173,-0.5,-0.5
"25557","Native",13,12,"spillover1","tt","spillover1 tt",3,0,255,255,-0.5,-0.5
"25559","Native",13,7,"spillover1","tt","spillover1 tt",2,0,218,218,0.5,0.5
"25561","Native",13,15,"spillover1","tt","spillover1 tt",2,0,505,505,0.5,0.5
"25563","Native",13,16,"spillover1","tt","spillover1 tt",3,0,316,316,-0.5,-0.5
"25565","Native",13,8,"spillover1","tt","spillover1 tt",3,1,0,NA,-0.5,-0.5
"25567","Native",13,14,"spillover1","tt","spillover1 tt",1,0,178,178,0.5,-0.5
"25569","Native",13,3,"spillover1","tt","spillover1 tt",2,0,469,469,0.5,0.5
"25571","Native",13,2,"spillover1","tt","spillover1 tt",1,0,175,175,0.5,-0.5
"25573","Native",13,23,"spillover1","tt","spillover1 tt",2,0,214,214,0.5,0.5
"25575","Native",13,19,"spillover1","tt","spillover1 tt",2,0,1006,1006,0.5,0.5
"25577","Native",13,11,"spillover1","tt","spillover1 tt",2,0,546,546,0.5,0.5
"25579","Native",13,6,"spillover1","tt","spillover1 tt",1,0,622,622,0.5,-0.5
"25581","Native",13,1,"spillover1","tt","spillover1 tt",4,0,457,457,-0.5,0.5
"25583","Native",13,21,"spillover1","tt","spillover1 tt",4,0,728,728,-0.5,0.5
"25585","Native",14,10,"spillover1","tt","spillover1 tt",2,0,518,518,0.5,0.5
"25587","Native",14,5,"spillover1","tt","spillover1 tt",1,0,922,922,0.5,-0.5
"25589","Native",14,21,"spillover1","tt","spillover1 tt",1,0,499,499,0.5,-0.5
"25591","Native",14,12,"spillover1","tt","spillover1 tt",4,0,809,809,-0.5,0.5
"25593","Native",14,20,"spillover1","tt","spillover1 tt",4,0,515,515,-0.5,0.5
"25595","Native",14,3,"spillover1","tt","spillover1 tt",3,0,598,598,-0.5,-0.5
"25597","Native",14,11,"spillover1","tt","spillover1 tt",3,0,370,370,-0.5,-0.5
"25599","Native",14,23,"spillover1","tt","spillover1 tt",3,0,297,297,-0.5,-0.5
"25601","Native",14,13,"spillover1","tt","spillover1 tt",1,0,152,152,0.5,-0.5
"25603","Native",14,19,"spillover1","tt","spillover1 tt",3,0,260,260,-0.5,-0.5
"25605","Native",14,22,"spillover1","tt","spillover1 tt",2,0,1089,1089,0.5,0.5
"25607","Native",14,1,"spillover1","tt","spillover1 tt",1,0,740,740,0.5,-0.5
"25609","Native",14,17,"spillover1","tt","spillover1 tt",1,0,318,318,0.5,-0.5
"25611","Native",14,4,"spillover1","tt","spillover1 tt",4,0,754,754,-0.5,0.5
"25613","Native",14,9,"spillover1","tt","spillover1 tt",1,0,786,786,0.5,-0.5
"25615","Native",14,6,"spillover1","tt","spillover1 tt",2,0,565,565,0.5,0.5
"25617","Native",14,2,"spillover1","tt","spillover1 tt",2,0,461,461,0.5,0.5
"25619","Native",14,14,"spillover1","tt","spillover1 tt",2,0,134,134,0.5,0.5
"25621","Native",14,15,"spillover1","tt","spillover1 tt",3,0,741,741,-0.5,-0.5
"25623","Native",14,18,"spillover1","tt","spillover1 tt",2,0,284,284,0.5,0.5
"25625","Native",14,16,"spillover1","tt","spillover1 tt",4,0,362,362,-0.5,0.5
"25627","Native",14,7,"spillover1","tt","spillover1 tt",3,0,207,207,-0.5,-0.5
"25629","Native",14,8,"spillover1","tt","spillover1 tt",4,0,337,337,-0.5,0.5
"25631","Native",14,24,"spillover1","tt","spillover1 tt",4,0,509,509,-0.5,0.5
"25634","Native",15,16,"spillover1","tt","spillover1 tt",1,0,542,542,0.5,-0.5
"25636","Native",15,4,"spillover1","tt","spillover1 tt",1,0,340,340,0.5,-0.5
"25638","Native",15,22,"spillover1","tt","spillover1 tt",3,0,346,346,-0.5,-0.5
"25640","Native",15,13,"spillover1","tt","spillover1 tt",2,0,810,810,0.5,0.5
"25642","Native",15,21,"spillover1","tt","spillover1 tt",2,0,1146,1146,0.5,0.5
"25644","Native",15,23,"spillover1","tt","spillover1 tt",4,0,176,176,-0.5,0.5
"25646","Native",15,9,"spillover1","tt","spillover1 tt",2,0,948,948,0.5,0.5
"25648","Native",15,7,"spillover1","tt","spillover1 tt",4,0,169,169,-0.5,0.5
"25650","Native",15,8,"spillover1","tt","spillover1 tt",1,0,822,822,0.5,-0.5
"25652","Native",15,6,"spillover1","tt","spillover1 tt",3,0,171,171,-0.5,-0.5
"25654","Native",15,2,"spillover1","tt","spillover1 tt",3,0,198,198,-0.5,-0.5
"25656","Native",15,11,"spillover1","tt","spillover1 tt",4,0,279,279,-0.5,0.5
"25658","Native",15,19,"spillover1","tt","spillover1 tt",4,0,179,179,-0.5,0.5
"25660","Native",15,10,"spillover1","tt","spillover1 tt",3,0,155,155,-0.5,-0.5
"25662","Native",15,3,"spillover1","tt","spillover1 tt",4,0,397,397,-0.5,0.5
"25664","Native",15,1,"spillover1","tt","spillover1 tt",2,0,806,806,0.5,0.5
"25666","Native",15,17,"spillover1","tt","spillover1 tt",2,0,388,388,0.5,0.5
"25668","Native",15,12,"spillover1","tt","spillover1 tt",1,0,342,342,0.5,-0.5
"25670","Native",15,18,"spillover1","tt","spillover1 tt",3,0,195,195,-0.5,-0.5
"25672","Native",15,15,"spillover1","tt","spillover1 tt",4,0,156,156,-0.5,0.5
"25674","Native",15,20,"spillover1","tt","spillover1 tt",1,0,500,500,0.5,-0.5
"25676","Native",15,5,"spillover1","tt","spillover1 tt",2,0,305,305,0.5,0.5
"25678","Native",15,14,"spillover1","tt","spillover1 tt",3,0,182,182,-0.5,-0.5
"25680","Native",15,24,"spillover1","tt","spillover1 tt",1,0,625,625,0.5,-0.5
"25682","Native",16,3,"spillover1","tt","spillover1 tt",1,0,591,591,0.5,-0.5
"25684","Native",16,10,"spillover1","tt","spillover1 tt",4,0,244,244,-0.5,0.5
"25686","Native",16,18,"spillover1","tt","spillover1 tt",4,0,401,401,-0.5,0.5
"25688","Native",16,12,"spillover1","tt","spillover1 tt",2,0,690,690,0.5,0.5
"25690","Native",16,22,"spillover1","tt","spillover1 tt",4,0,249,249,-0.5,0.5
"25692","Native",16,13,"spillover1","tt","spillover1 tt",3,0,178,178,-0.5,-0.5
"25694","Native",16,24,"spillover1","tt","spillover1 tt",2,0,598,598,0.5,0.5
"25696","Native",16,21,"spillover1","tt","spillover1 tt",3,0,304,304,-0.5,-0.5
"25698","Native",16,4,"spillover1","tt","spillover1 tt",2,0,307,307,0.5,0.5
"25700","Native",16,15,"spillover1","tt","spillover1 tt",1,0,128,128,0.5,-0.5
"25702","Native",16,14,"spillover1","tt","spillover1 tt",4,0,653,653,-0.5,0.5
"25704","Native",16,16,"spillover1","tt","spillover1 tt",2,0,450,450,0.5,0.5
"25706","Native",16,7,"spillover1","tt","spillover1 tt",1,0,148,148,0.5,-0.5
"25708","Native",16,11,"spillover1","tt","spillover1 tt",1,0,209,209,0.5,-0.5
"25710","Native",16,9,"spillover1","tt","spillover1 tt",3,0,353,353,-0.5,-0.5
"25712","Native",16,19,"spillover1","tt","spillover1 tt",1,0,341,341,0.5,-0.5
"25714","Native",16,20,"spillover1","tt","spillover1 tt",2,0,164,164,0.5,0.5
"25716","Native",16,8,"spillover1","tt","spillover1 tt",2,0,187,187,0.5,0.5
"25718","Native",16,6,"spillover1","tt","spillover1 tt",4,0,291,291,-0.5,0.5
"25720","Native",16,5,"spillover1","tt","spillover1 tt",3,0,196,196,-0.5,-0.5
"25722","Native",16,17,"spillover1","tt","spillover1 tt",3,0,828,828,-0.5,-0.5
"25724","Native",16,23,"spillover1","tt","spillover1 tt",1,1,0,NA,0.5,-0.5
"25726","Native",16,2,"spillover1","tt","spillover1 tt",4,0,197,197,-0.5,0.5
"25728","Native",16,1,"spillover1","tt","spillover1 tt",3,0,152,152,-0.5,-0.5
"25730","Native",17,10,"spillover1","tt","spillover1 tt",1,0,505,505,0.5,-0.5
"25732","Native",17,11,"spillover1","tt","spillover1 tt",2,0,541,541,0.5,0.5
"25734","Native",17,12,"spillover1","tt","spillover1 tt",3,0,643,643,-0.5,-0.5
"25736","Native",17,16,"spillover1","tt","spillover1 tt",3,0,318,318,-0.5,-0.5
"25738","Native",17,8,"spillover1","tt","spillover1 tt",3,0,530,530,-0.5,-0.5
"25740","Native",17,14,"spillover1","tt","spillover1 tt",1,0,409,409,0.5,-0.5
"25742","Native",17,17,"spillover1","tt","spillover1 tt",4,0,315,315,-0.5,0.5
"25744","Native",17,15,"spillover1","tt","spillover1 tt",2,0,146,146,0.5,0.5
"25746","Native",17,6,"spillover1","tt","spillover1 tt",1,0,864,864,0.5,-0.5
"25748","Native",17,2,"spillover1","tt","spillover1 tt",1,0,267,267,0.5,-0.5
"25750","Native",17,4,"spillover1","tt","spillover1 tt",3,0,264,264,-0.5,-0.5
"25752","Native",17,13,"spillover1","tt","spillover1 tt",4,0,711,711,-0.5,0.5
"25754","Native",17,5,"spillover1","tt","spillover1 tt",4,0,196,196,-0.5,0.5
"25756","Native",17,7,"spillover1","tt","spillover1 tt",2,0,340,340,0.5,0.5
"25758","Native",17,9,"spillover1","tt","spillover1 tt",4,0,234,234,-0.5,0.5
"25760","Native",17,3,"spillover1","tt","spillover1 tt",2,0,722,722,0.5,0.5
"25762","Native",17,21,"spillover1","tt","spillover1 tt",4,0,546,546,-0.5,0.5
"25764","Native",17,19,"spillover1","tt","spillover1 tt",2,0,850,850,0.5,0.5
"25766","Native",17,18,"spillover1","tt","spillover1 tt",1,0,293,293,0.5,-0.5
"25768","Native",17,20,"spillover1","tt","spillover1 tt",3,0,389,389,-0.5,-0.5
"25770","Native",17,1,"spillover1","tt","spillover1 tt",4,0,344,344,-0.5,0.5
"25772","Native",17,24,"spillover1","tt","spillover1 tt",3,0,336,336,-0.5,-0.5
"25774","Native",17,23,"spillover1","tt","spillover1 tt",2,0,587,587,0.5,0.5
"25776","Native",17,22,"spillover1","tt","spillover1 tt",1,0,594,594,0.5,-0.5
"25777","Native",18,8,"spillover1","tt","spillover1 tt",4,0,326,326,-0.5,0.5
"25779","Native",18,6,"spillover1","tt","spillover1 tt",2,0,242,242,0.5,0.5
"25781","Native",18,23,"spillover1","tt","spillover1 tt",3,0,689,689,-0.5,-0.5
"25783","Native",18,12,"spillover1","tt","spillover1 tt",4,0,1200,1200,-0.5,0.5
"25785","Native",18,9,"spillover1","tt","spillover1 tt",1,0,101,101,0.5,-0.5
"25787","Native",18,17,"spillover1","tt","spillover1 tt",1,0,560,560,0.5,-0.5
"25789","Native",18,13,"spillover1","tt","spillover1 tt",1,0,223,223,0.5,-0.5
"25791","Native",18,19,"spillover1","tt","spillover1 tt",3,0,322,322,-0.5,-0.5
"25793","Native",18,5,"spillover1","tt","spillover1 tt",1,0,288,288,0.5,-0.5
"25795","Native",18,20,"spillover1","tt","spillover1 tt",4,0,442,442,-0.5,0.5
"25797","Native",18,16,"spillover1","tt","spillover1 tt",4,0,525,525,-0.5,0.5
"25799","Native",18,4,"spillover1","tt","spillover1 tt",4,0,493,493,-0.5,0.5
"25801","Native",18,18,"spillover1","tt","spillover1 tt",2,0,697,697,0.5,0.5
"25803","Native",18,11,"spillover1","tt","spillover1 tt",3,0,342,342,-0.5,-0.5
"25805","Native",18,2,"spillover1","tt","spillover1 tt",2,0,285,285,0.5,0.5
"25807","Native",18,1,"spillover1","tt","spillover1 tt",1,0,184,184,0.5,-0.5
"25809","Native",18,21,"spillover1","tt","spillover1 tt",1,0,171,171,0.5,-0.5
"25811","Native",18,10,"spillover1","tt","spillover1 tt",2,0,490,490,0.5,0.5
"25813","Native",18,14,"spillover1","tt","spillover1 tt",2,0,281,281,0.5,0.5
"25815","Native",18,15,"spillover1","tt","spillover1 tt",3,0,184,184,-0.5,-0.5
"25817","Native",18,22,"spillover1","tt","spillover1 tt",2,1,0,NA,0.5,0.5
"25819","Native",18,7,"spillover1","tt","spillover1 tt",3,0,192,192,-0.5,-0.5
"25821","Native",18,24,"spillover1","tt","spillover1 tt",4,0,153,153,-0.5,0.5
"25823","Native",18,3,"spillover1","tt","spillover1 tt",3,0,794,794,-0.5,-0.5
"25825","Native",19,14,"spillover1","tt","spillover1 tt",3,0,382,382,-0.5,-0.5
"25827","Native",19,3,"spillover1","tt","spillover1 tt",4,0,301,301,-0.5,0.5
"25829","Native",19,17,"spillover1","tt","spillover1 tt",2,0,760,760,0.5,0.5
"25831","Native",19,24,"spillover1","tt","spillover1 tt",1,0,497,497,0.5,-0.5
"25833","Native",19,19,"spillover1","tt","spillover1 tt",4,0,363,363,-0.5,0.5
"25835","Native",19,22,"spillover1","tt","spillover1 tt",3,0,414,414,-0.5,-0.5
"25837","Native",19,21,"spillover1","tt","spillover1 tt",2,0,875,875,0.5,0.5
"25839","Native",19,15,"spillover1","tt","spillover1 tt",4,0,550,550,-0.5,0.5
"25841","Native",19,7,"spillover1","tt","spillover1 tt",4,0,176,176,-0.5,0.5
"25843","Native",19,6,"spillover1","tt","spillover1 tt",3,0,512,512,-0.5,-0.5
"25845","Native",19,1,"spillover1","tt","spillover1 tt",2,0,356,356,0.5,0.5
"25847","Native",19,8,"spillover1","tt","spillover1 tt",1,0,416,416,0.5,-0.5
"25849","Native",19,23,"spillover1","tt","spillover1 tt",4,0,468,468,-0.5,0.5
"25851","Native",19,16,"spillover1","tt","spillover1 tt",1,0,496,496,0.5,-0.5
"25853","Native",19,13,"spillover1","tt","spillover1 tt",2,0,207,207,0.5,0.5
"25855","Native",19,9,"spillover1","tt","spillover1 tt",2,0,1936,1936,0.5,0.5
"25857","Native",19,2,"spillover1","tt","spillover1 tt",3,0,227,227,-0.5,-0.5
"25859","Native",19,10,"spillover1","tt","spillover1 tt",3,0,353,353,-0.5,-0.5
"25861","Native",19,20,"spillover1","tt","spillover1 tt",1,0,836,836,0.5,-0.5
"25863","Native",19,5,"spillover1","tt","spillover1 tt",2,0,407,407,0.5,0.5
"25865","Native",19,11,"spillover1","tt","spillover1 tt",4,0,304,304,-0.5,0.5
"25867","Native",19,18,"spillover1","tt","spillover1 tt",3,0,264,264,-0.5,-0.5
"25869","Native",19,4,"spillover1","tt","spillover1 tt",1,0,318,318,0.5,-0.5
"25871","Native",19,12,"spillover1","tt","spillover1 tt",1,0,300,300,0.5,-0.5
"25874","Native",20,21,"spillover1","tt","spillover1 tt",3,0,359,359,-0.5,-0.5
"25876","Native",20,20,"spillover1","tt","spillover1 tt",2,0,304,304,0.5,0.5
"25878","Native",20,22,"spillover1","tt","spillover1 tt",4,0,311,311,-0.5,0.5
"25880","Native",20,12,"spillover1","tt","spillover1 tt",2,0,529,529,0.5,0.5
"25882","Native",20,11,"spillover1","tt","spillover1 tt",1,0,150,150,0.5,-0.5
"25884","Native",20,5,"spillover1","tt","spillover1 tt",3,0,305,305,-0.5,-0.5
"25886","Native",20,1,"spillover1","tt","spillover1 tt",3,0,376,376,-0.5,-0.5
"25888","Native",20,23,"spillover1","tt","spillover1 tt",1,0,141,141,0.5,-0.5
"25890","Native",20,9,"spillover1","tt","spillover1 tt",3,1,0,NA,-0.5,-0.5
"25892","Native",20,14,"spillover1","tt","spillover1 tt",4,0,191,191,-0.5,0.5
"25894","Native",20,17,"spillover1","tt","spillover1 tt",3,0,303,303,-0.5,-0.5
"25896","Native",20,19,"spillover1","tt","spillover1 tt",1,0,149,149,0.5,-0.5
"25898","Native",20,24,"spillover1","tt","spillover1 tt",2,0,555,555,0.5,0.5
"25900","Native",20,13,"spillover1","tt","spillover1 tt",3,0,165,165,-0.5,-0.5
"25902","Native",20,4,"spillover1","tt","spillover1 tt",2,0,132,132,0.5,0.5
"25904","Native",20,10,"spillover1","tt","spillover1 tt",4,0,315,315,-0.5,0.5
"25906","Native",20,18,"spillover1","tt","spillover1 tt",4,0,313,313,-0.5,0.5
"25908","Native",20,7,"spillover1","tt","spillover1 tt",1,0,208,208,0.5,-0.5
"25910","Native",20,15,"spillover1","tt","spillover1 tt",1,0,358,358,0.5,-0.5
"25912","Native",20,8,"spillover1","tt","spillover1 tt",2,0,207,207,0.5,0.5
"25914","Native",20,16,"spillover1","tt","spillover1 tt",2,0,122,122,0.5,0.5
"25916","Native",20,6,"spillover1","tt","spillover1 tt",4,0,574,574,-0.5,0.5
"25918","Native",20,3,"spillover1","tt","spillover1 tt",1,0,141,141,0.5,-0.5
"25920","Native",20,2,"spillover1","tt","spillover1 tt",4,0,304,304,-0.5,0.5
"25921","Native",21,22,"spillover1","tt","spillover1 tt",1,0,168,168,0.5,-0.5
"25923","Native",21,19,"spillover1","tt","spillover1 tt",2,0,212,212,0.5,0.5
"25925","Native",21,5,"spillover1","tt","spillover1 tt",4,0,404,404,-0.5,0.5
"25927","Native",21,15,"spillover1","tt","spillover1 tt",2,0,532,532,0.5,0.5
"25929","Native",21,2,"spillover1","tt","spillover1 tt",1,0,798,798,0.5,-0.5
"25931","Native",21,13,"spillover1","tt","spillover1 tt",4,0,338,338,-0.5,0.5
"25933","Native",21,9,"spillover1","tt","spillover1 tt",4,0,660,660,-0.5,0.5
"25935","Native",21,14,"spillover1","tt","spillover1 tt",1,0,410,410,0.5,-0.5
"25937","Native",21,21,"spillover1","tt","spillover1 tt",4,0,338,338,-0.5,0.5
"25939","Native",21,8,"spillover1","tt","spillover1 tt",3,0,398,398,-0.5,-0.5
"25941","Native",21,17,"spillover1","tt","spillover1 tt",4,0,564,564,-0.5,0.5
"25943","Native",21,1,"spillover1","tt","spillover1 tt",4,0,502,502,-0.5,0.5
"25945","Native",21,20,"spillover1","tt","spillover1 tt",3,0,276,276,-0.5,-0.5
"25947","Native",21,7,"spillover1","tt","spillover1 tt",2,0,270,270,0.5,0.5
"25949","Native",21,4,"spillover1","tt","spillover1 tt",3,0,458,458,-0.5,-0.5
"25951","Native",21,10,"spillover1","tt","spillover1 tt",1,0,234,234,0.5,-0.5
"25953","Native",21,16,"spillover1","tt","spillover1 tt",3,0,436,436,-0.5,-0.5
"25955","Native",21,23,"spillover1","tt","spillover1 tt",2,0,244,244,0.5,0.5
"25957","Native",21,18,"spillover1","tt","spillover1 tt",1,0,282,282,0.5,-0.5
"25959","Native",21,11,"spillover1","tt","spillover1 tt",2,0,472,472,0.5,0.5
"25961","Native",21,3,"spillover1","tt","spillover1 tt",2,0,404,404,0.5,0.5
"25963","Native",21,24,"spillover1","tt","spillover1 tt",3,0,494,494,-0.5,-0.5
"25965","Native",21,12,"spillover1","tt","spillover1 tt",3,0,322,322,-0.5,-0.5
"25967","Native",21,6,"spillover1","tt","spillover1 tt",1,0,416,416,0.5,-0.5
"25969","Native",22,22,"spillover1","tt","spillover1 tt",2,0,478,478,0.5,0.5
"25971","Native",22,18,"spillover1","tt","spillover1 tt",2,0,295,295,0.5,0.5
"25973","Native",22,8,"spillover1","tt","spillover1 tt",4,0,379,379,-0.5,0.5
"25975","Native",22,4,"spillover1","tt","spillover1 tt",4,0,434,434,-0.5,0.5
"25977","Native",22,9,"spillover1","tt","spillover1 tt",1,0,249,249,0.5,-0.5
"25979","Native",22,5,"spillover1","tt","spillover1 tt",1,0,218,218,0.5,-0.5
"25981","Native",22,2,"spillover1","tt","spillover1 tt",2,0,352,352,0.5,0.5
"25983","Native",22,15,"spillover1","tt","spillover1 tt",3,0,243,243,-0.5,-0.5
"25985","Native",22,19,"spillover1","tt","spillover1 tt",3,0,244,244,-0.5,-0.5
"25987","Native",22,3,"spillover1","tt","spillover1 tt",3,1,0,NA,-0.5,-0.5
"25989","Native",22,6,"spillover1","tt","spillover1 tt",2,0,396,396,0.5,0.5
"25991","Native",22,1,"spillover1","tt","spillover1 tt",1,0,235,235,0.5,-0.5
"25993","Native",22,13,"spillover1","tt","spillover1 tt",1,0,356,356,0.5,-0.5
"25995","Native",22,14,"spillover1","tt","spillover1 tt",2,0,280,280,0.5,0.5
"25997","Native",22,12,"spillover1","tt","spillover1 tt",4,0,472,472,-0.5,0.5
"25999","Native",22,11,"spillover1","tt","spillover1 tt",3,0,230,230,-0.5,-0.5
"26001","Native",22,24,"spillover1","tt","spillover1 tt",4,0,213,213,-0.5,0.5
"26003","Native",22,20,"spillover1","tt","spillover1 tt",4,0,222,222,-0.5,0.5
"26005","Native",22,17,"spillover1","tt","spillover1 tt",1,0,366,366,0.5,-0.5
"26007","Native",22,7,"spillover1","tt","spillover1 tt",3,0,262,262,-0.5,-0.5
"26009","Native",22,21,"spillover1","tt","spillover1 tt",1,0,474,474,0.5,-0.5
"26011","Native",22,10,"spillover1","tt","spillover1 tt",2,0,182,182,0.5,0.5
"26013","Native",22,16,"spillover1","tt","spillover1 tt",4,0,409,409,-0.5,0.5
"26015","Native",22,23,"spillover1","tt","spillover1 tt",3,0,232,232,-0.5,-0.5
"26017","Native",23,9,"spillover1","tt","spillover1 tt",3,0,157,157,-0.5,-0.5
"26019","Native",23,11,"spillover1","tt","spillover1 tt",1,0,510,510,0.5,-0.5
"26021","Native",23,13,"spillover1","tt","spillover1 tt",3,0,483,483,-0.5,-0.5
"26023","Native",23,16,"spillover1","tt","spillover1 tt",2,0,474,474,0.5,0.5
"26025","Native",23,19,"spillover1","tt","spillover1 tt",1,0,333,333,0.5,-0.5
"26027","Native",23,23,"spillover1","tt","spillover1 tt",1,0,672,672,0.5,-0.5
"26029","Native",23,22,"spillover1","tt","spillover1 tt",4,0,330,330,-0.5,0.5
"26031","Native",23,20,"spillover1","tt","spillover1 tt",2,0,324,324,0.5,0.5
"26033","Native",23,5,"spillover1","tt","spillover1 tt",3,0,561,561,-0.5,-0.5
"26035","Native",23,14,"spillover1","tt","spillover1 tt",4,0,441,441,-0.5,0.5
"26037","Native",23,1,"spillover1","tt","spillover1 tt",3,0,226,226,-0.5,-0.5
"26039","Native",23,8,"spillover1","tt","spillover1 tt",2,0,564,564,0.5,0.5
"26041","Native",23,21,"spillover1","tt","spillover1 tt",3,0,294,294,-0.5,-0.5
"26043","Native",23,4,"spillover1","tt","spillover1 tt",2,0,180,180,0.5,0.5
"26045","Native",23,7,"spillover1","tt","spillover1 tt",1,0,413,413,0.5,-0.5
"26047","Native",23,6,"spillover1","tt","spillover1 tt",4,0,168,168,-0.5,0.5
"26049","Native",23,24,"spillover1","tt","spillover1 tt",2,0,668,668,0.5,0.5
"26051","Native",23,3,"spillover1","tt","spillover1 tt",1,0,754,754,0.5,-0.5
"26053","Native",23,17,"spillover1","tt","spillover1 tt",3,0,137,137,-0.5,-0.5
"26055","Native",23,10,"spillover1","tt","spillover1 tt",4,0,301,301,-0.5,0.5
"26057","Native",23,18,"spillover1","tt","spillover1 tt",4,0,615,615,-0.5,0.5
"26059","Native",23,2,"spillover1","tt","spillover1 tt",4,0,207,207,-0.5,0.5
"26061","Native",23,15,"spillover1","tt","spillover1 tt",1,0,320,320,0.5,-0.5
"26063","Native",23,12,"spillover1","tt","spillover1 tt",2,0,213,213,0.5,0.5
"26065","Native",24,3,"spillover1","tt","spillover1 tt",4,0,283,283,-0.5,0.5
"26067","Native",24,7,"spillover1","tt","spillover1 tt",4,0,259,259,-0.5,0.5
"26069","Native",24,22,"spillover1","tt","spillover1 tt",3,0,370,370,-0.5,-0.5
"26071","Native",24,6,"spillover1","tt","spillover1 tt",3,0,243,243,-0.5,-0.5
"26073","Native",24,12,"spillover1","tt","spillover1 tt",1,0,1041,1041,0.5,-0.5
"26075","Native",24,18,"spillover1","tt","spillover1 tt",3,0,669,669,-0.5,-0.5
"26077","Native",24,9,"spillover1","tt","spillover1 tt",2,0,1990,1990,0.5,0.5
"26079","Native",24,24,"spillover1","tt","spillover1 tt",1,0,781,781,0.5,-0.5
"26081","Native",24,1,"spillover1","tt","spillover1 tt",2,0,301,301,0.5,0.5
"26083","Native",24,13,"spillover1","tt","spillover1 tt",2,0,1399,1399,0.5,0.5
"26085","Native",24,19,"spillover1","tt","spillover1 tt",4,0,460,460,-0.5,0.5
"26087","Native",24,5,"spillover1","tt","spillover1 tt",2,0,1051,1051,0.5,0.5
"26089","Native",24,14,"spillover1","tt","spillover1 tt",3,0,275,275,-0.5,-0.5
"26091","Native",24,20,"spillover1","tt","spillover1 tt",1,0,533,533,0.5,-0.5
"26093","Native",24,4,"spillover1","tt","spillover1 tt",1,0,384,384,0.5,-0.5
"26095","Native",24,21,"spillover1","tt","spillover1 tt",2,0,552,552,0.5,0.5
"26097","Native",24,16,"spillover1","tt","spillover1 tt",1,0,227,227,0.5,-0.5
"26099","Native",24,15,"spillover1","tt","spillover1 tt",4,0,541,541,-0.5,0.5
"26101","Native",24,2,"spillover1","tt","spillover1 tt",3,0,694,694,-0.5,-0.5
"26103","Native",24,11,"spillover1","tt","spillover1 tt",4,0,879,879,-0.5,0.5
"26105","Native",24,10,"spillover1","tt","spillover1 tt",3,0,419,419,-0.5,-0.5
"26107","Native",24,8,"spillover1","tt","spillover1 tt",1,0,483,483,0.5,-0.5
"26109","Native",24,17,"spillover1","tt","spillover1 tt",2,0,602,602,0.5,0.5
"26111","Native",24,23,"spillover1","tt","spillover1 tt",4,0,577,577,-0.5,0.5
"26113","Native",25,16,"spillover1","tt","spillover1 tt",2,0,1339,1339,0.5,0.5
"26115","Native",25,21,"spillover1","tt","spillover1 tt",3,1,0,NA,-0.5,-0.5
"26117","Native",25,10,"spillover1","tt","spillover1 tt",4,0,583,583,-0.5,0.5
"26119","Native",25,6,"spillover1","tt","spillover1 tt",4,0,1007,1007,-0.5,0.5
"26121","Native",25,1,"spillover1","tt","spillover1 tt",3,0,630,630,-0.5,-0.5
"26123","Native",25,23,"spillover1","tt","spillover1 tt",1,0,1082,1082,0.5,-0.5
"26125","Native",25,19,"spillover1","tt","spillover1 tt",1,0,117,117,0.5,-0.5
"26127","Native",25,20,"spillover1","tt","spillover1 tt",2,0,401,401,0.5,0.5
"26129","Native",25,9,"spillover1","tt","spillover1 tt",3,0,218,218,-0.5,-0.5
"26131","Native",25,15,"spillover1","tt","spillover1 tt",1,0,447,447,0.5,-0.5
"26133","Native",25,12,"spillover1","tt","spillover1 tt",2,0,543,543,0.5,0.5
"26135","Native",25,13,"spillover1","tt","spillover1 tt",3,0,581,581,-0.5,-0.5
"26137","Native",25,8,"spillover1","tt","spillover1 tt",2,0,1196,1196,0.5,0.5
"26139","Native",25,17,"spillover1","tt","spillover1 tt",3,0,526,526,-0.5,-0.5
"26141","Native",25,5,"spillover1","tt","spillover1 tt",3,0,361,361,-0.5,-0.5
"26143","Native",25,18,"spillover1","tt","spillover1 tt",4,0,642,642,-0.5,0.5
"26145","Native",25,24,"spillover1","tt","spillover1 tt",2,0,964,964,0.5,0.5
"26147","Native",25,14,"spillover1","tt","spillover1 tt",4,0,370,370,-0.5,0.5
"26149","Native",25,7,"spillover1","tt","spillover1 tt",1,0,457,457,0.5,-0.5
"26151","Native",25,2,"spillover1","tt","spillover1 tt",4,0,108,108,-0.5,0.5
"26153","Native",25,4,"spillover1","tt","spillover1 tt",2,0,1370,1370,0.5,0.5
"26155","Native",25,3,"spillover1","tt","spillover1 tt",1,0,279,279,0.5,-0.5
"26157","Native",25,22,"spillover1","tt","spillover1 tt",4,0,443,443,-0.5,0.5
"26159","Native",25,11,"spillover1","tt","spillover1 tt",1,0,133,133,0.5,-0.5
"26162","Native",26,19,"spillover1","tt","spillover1 tt",2,0,740,740,0.5,0.5
"26164","Native",26,2,"spillover1","tt","spillover1 tt",1,0,1125,1125,0.5,-0.5
"26166","Native",26,4,"spillover1","tt","spillover1 tt",3,0,243,243,-0.5,-0.5
"26168","Native",26,21,"spillover1","tt","spillover1 tt",4,0,570,570,-0.5,0.5
"26170","Native",26,14,"spillover1","tt","spillover1 tt",1,0,304,304,0.5,-0.5
"26172","Native",26,1,"spillover1","tt","spillover1 tt",4,0,274,274,-0.5,0.5
"26174","Native",26,13,"spillover1","tt","spillover1 tt",4,0,1087,1087,-0.5,0.5
"26176","Native",26,24,"spillover1","tt","spillover1 tt",3,0,428,428,-0.5,-0.5
"26178","Native",26,23,"spillover1","tt","spillover1 tt",2,0,917,917,0.5,0.5
"26180","Native",26,20,"spillover1","tt","spillover1 tt",3,0,606,606,-0.5,-0.5
"26182","Native",26,9,"spillover1","tt","spillover1 tt",4,0,606,606,-0.5,0.5
"26184","Native",26,15,"spillover1","tt","spillover1 tt",2,0,378,378,0.5,0.5
"26186","Native",26,6,"spillover1","tt","spillover1 tt",1,0,364,364,0.5,-0.5
"26188","Native",26,8,"spillover1","tt","spillover1 tt",3,0,566,566,-0.5,-0.5
"26190","Native",26,18,"spillover1","tt","spillover1 tt",1,0,245,245,0.5,-0.5
"26192","Native",26,22,"spillover1","tt","spillover1 tt",1,0,542,542,0.5,-0.5
"26194","Native",26,10,"spillover1","tt","spillover1 tt",1,0,155,155,0.5,-0.5
"26196","Native",26,5,"spillover1","tt","spillover1 tt",4,0,168,168,-0.5,0.5
"26198","Native",26,7,"spillover1","tt","spillover1 tt",2,0,526,526,0.5,0.5
"26200","Native",26,17,"spillover1","tt","spillover1 tt",4,0,358,358,-0.5,0.5
"26202","Native",26,11,"spillover1","tt","spillover1 tt",2,0,354,354,0.5,0.5
"26204","Native",26,16,"spillover1","tt","spillover1 tt",3,0,323,323,-0.5,-0.5
"26206","Native",26,3,"spillover1","tt","spillover1 tt",2,0,1364,1364,0.5,0.5
"26208","Native",26,12,"spillover1","tt","spillover1 tt",3,0,242,242,-0.5,-0.5
"26210","Native",27,7,"spillover1","tt","spillover1 tt",3,0,462,462,-0.5,-0.5
"26212","Native",27,2,"spillover1","tt","spillover1 tt",2,0,848,848,0.5,0.5
"26214","Native",27,17,"spillover1","tt","spillover1 tt",1,0,381,381,0.5,-0.5
"26216","Native",27,6,"spillover1","tt","spillover1 tt",2,0,194,194,0.5,0.5
"26218","Native",27,11,"spillover1","tt","spillover1 tt",3,0,371,371,-0.5,-0.5
"26220","Native",27,15,"spillover1","tt","spillover1 tt",3,0,252,252,-0.5,-0.5
"26222","Native",27,1,"spillover1","tt","spillover1 tt",1,0,389,389,0.5,-0.5
"26224","Native",27,12,"spillover1","tt","spillover1 tt",4,0,424,424,-0.5,0.5
"26226","Native",27,4,"spillover1","tt","spillover1 tt",4,0,146,146,-0.5,0.5
"26228","Native",27,13,"spillover1","tt","spillover1 tt",1,0,629,629,0.5,-0.5
"26230","Native",27,23,"spillover1","tt","spillover1 tt",3,0,225,225,-0.5,-0.5
"26232","Native",27,3,"spillover1","tt","spillover1 tt",3,0,703,703,-0.5,-0.5
"26234","Native",27,5,"spillover1","tt","spillover1 tt",1,0,495,495,0.5,-0.5
"26236","Native",27,18,"spillover1","tt","spillover1 tt",2,0,378,378,0.5,0.5
"26238","Native",27,21,"spillover1","tt","spillover1 tt",1,0,411,411,0.5,-0.5
"26240","Native",27,9,"spillover1","tt","spillover1 tt",1,0,417,417,0.5,-0.5
"26242","Native",27,20,"spillover1","tt","spillover1 tt",4,0,335,335,-0.5,0.5
"26244","Native",27,22,"spillover1","tt","spillover1 tt",2,0,243,243,0.5,0.5
"26246","Native",27,14,"spillover1","tt","spillover1 tt",2,0,431,431,0.5,0.5
"26248","Native",27,24,"spillover1","tt","spillover1 tt",4,0,378,378,-0.5,0.5
"26250","Native",27,8,"spillover1","tt","spillover1 tt",4,0,312,312,-0.5,0.5
"26252","Native",27,10,"spillover1","tt","spillover1 tt",2,0,509,509,0.5,0.5
"26254","Native",27,16,"spillover1","tt","spillover1 tt",4,0,624,624,-0.5,0.5
"26256","Native",27,19,"spillover1","tt","spillover1 tt",3,0,409,409,-0.5,-0.5
"26258","Native",28,1,"spillover1","tt","spillover1 tt",2,0,214,214,0.5,0.5
"26260","Native",28,8,"spillover1","tt","spillover1 tt",1,0,1074,1074,0.5,-0.5
"26262","Native",28,9,"spillover1","tt","spillover1 tt",2,0,824,824,0.5,0.5
"26264","Native",28,13,"spillover1","tt","spillover1 tt",2,0,890,890,0.5,0.5
"26266","Native",28,18,"spillover1","tt","spillover1 tt",3,0,210,210,-0.5,-0.5
"26268","Native",28,4,"spillover1","tt","spillover1 tt",1,0,298,298,0.5,-0.5
"26270","Native",28,12,"spillover1","tt","spillover1 tt",1,0,406,406,0.5,-0.5
"26272","Native",28,7,"spillover1","tt","spillover1 tt",4,1,0,NA,-0.5,0.5
"26274","Native",28,2,"spillover1","tt","spillover1 tt",3,0,166,166,-0.5,-0.5
"26276","Native",28,10,"spillover1","tt","spillover1 tt",3,0,170,170,-0.5,-0.5
"26278","Native",28,22,"spillover1","tt","spillover1 tt",3,0,518,518,-0.5,-0.5
"26280","Native",28,17,"spillover1","tt","spillover1 tt",2,0,664,664,0.5,0.5
"26282","Native",28,11,"spillover1","tt","spillover1 tt",4,0,336,336,-0.5,0.5
"26284","Native",28,20,"spillover1","tt","spillover1 tt",1,0,206,206,0.5,-0.5
"26286","Native",28,15,"spillover1","tt","spillover1 tt",4,1,0,NA,-0.5,0.5
"26288","Native",28,23,"spillover1","tt","spillover1 tt",4,0,206,206,-0.5,0.5
"26290","Native",28,19,"spillover1","tt","spillover1 tt",4,0,390,390,-0.5,0.5
"26292","Native",28,24,"spillover1","tt","spillover1 tt",1,0,538,538,0.5,-0.5
"26294","Native",28,5,"spillover1","tt","spillover1 tt",2,0,834,834,0.5,0.5
"26296","Native",28,14,"spillover1","tt","spillover1 tt",3,0,206,206,-0.5,-0.5
"26298","Native",28,16,"spillover1","tt","spillover1 tt",1,0,192,192,0.5,-0.5
"26300","Native",28,3,"spillover1","tt","spillover1 tt",4,0,400,400,-0.5,0.5
"26302","Native",28,21,"spillover1","tt","spillover1 tt",2,0,742,742,0.5,0.5
"26304","Native",28,6,"spillover1","tt","spillover1 tt",3,0,270,270,-0.5,-0.5
"26305","Native",29,21,"spillover1","tt","spillover1 tt",3,0,262,262,-0.5,-0.5
"26307","Native",29,19,"spillover1","tt","spillover1 tt",1,0,368,368,0.5,-0.5
"26309","Native",29,17,"spillover1","tt","spillover1 tt",3,0,290,290,-0.5,-0.5
"26311","Native",29,13,"spillover1","tt","spillover1 tt",3,0,264,264,-0.5,-0.5
"26313","Native",29,2,"spillover1","tt","spillover1 tt",4,0,218,218,-0.5,0.5
"26315","Native",29,12,"spillover1","tt","spillover1 tt",2,0,230,230,0.5,0.5
"26317","Native",29,15,"spillover1","tt","spillover1 tt",1,0,336,336,0.5,-0.5
"26319","Native",29,4,"spillover1","tt","spillover1 tt",2,0,334,334,0.5,0.5
"26321","Native",29,24,"spillover1","tt","spillover1 tt",2,0,560,560,0.5,0.5
"26323","Native",29,3,"spillover1","tt","spillover1 tt",1,0,542,542,0.5,-0.5
"26325","Native",29,9,"spillover1","tt","spillover1 tt",3,0,244,244,-0.5,-0.5
"26327","Native",29,7,"spillover1","tt","spillover1 tt",1,0,268,268,0.5,-0.5
"26329","Native",29,11,"spillover1","tt","spillover1 tt",1,0,482,482,0.5,-0.5
"26331","Native",29,16,"spillover1","tt","spillover1 tt",2,0,268,268,0.5,0.5
"26333","Native",29,23,"spillover1","tt","spillover1 tt",1,0,204,204,0.5,-0.5
"26335","Native",29,14,"spillover1","tt","spillover1 tt",4,0,418,418,-0.5,0.5
"26337","Native",29,18,"spillover1","tt","spillover1 tt",4,0,208,208,-0.5,0.5
"26339","Native",29,1,"spillover1","tt","spillover1 tt",3,0,262,262,-0.5,-0.5
"26341","Native",29,22,"spillover1","tt","spillover1 tt",4,0,390,390,-0.5,0.5
"26343","Native",29,8,"spillover1","tt","spillover1 tt",2,0,452,452,0.5,0.5
"26345","Native",29,6,"spillover1","tt","spillover1 tt",4,0,190,190,-0.5,0.5
"26347","Native",29,5,"spillover1","tt","spillover1 tt",3,0,226,226,-0.5,-0.5
"26349","Native",29,20,"spillover1","tt","spillover1 tt",2,0,212,212,0.5,0.5
"26351","Native",29,10,"spillover1","tt","spillover1 tt",4,0,228,228,-0.5,0.5
"26353","Native",30,6,"spillover1","tt","spillover1 tt",1,0,282,282,0.5,-0.5
"26355","Native",30,13,"spillover1","tt","spillover1 tt",4,0,822,822,-0.5,0.5
"26357","Native",30,20,"spillover1","tt","spillover1 tt",3,0,436,436,-0.5,-0.5
"26359","Native",30,18,"spillover1","tt","spillover1 tt",1,0,582,582,0.5,-0.5
"26361","Native",30,5,"spillover1","tt","spillover1 tt",4,0,326,326,-0.5,0.5
"26363","Native",30,17,"spillover1","tt","spillover1 tt",4,0,1838,1838,-0.5,0.5
"26365","Native",30,2,"spillover1","tt","spillover1 tt",1,0,438,438,0.5,-0.5
"26367","Native",30,11,"spillover1","tt","spillover1 tt",2,0,1504,1504,0.5,0.5
"26369","Native",30,14,"spillover1","tt","spillover1 tt",1,0,428,428,0.5,-0.5
"26371","Native",30,4,"spillover1","tt","spillover1 tt",3,0,164,164,-0.5,-0.5
"26373","Native",30,15,"spillover1","tt","spillover1 tt",2,0,518,518,0.5,0.5
"26375","Native",30,9,"spillover1","tt","spillover1 tt",4,0,1224,1224,-0.5,0.5
"26377","Native",30,10,"spillover1","tt","spillover1 tt",1,0,582,582,0.5,-0.5
"26379","Native",30,24,"spillover1","tt","spillover1 tt",3,0,584,584,-0.5,-0.5
"26381","Native",30,21,"spillover1","tt","spillover1 tt",4,0,486,486,-0.5,0.5
"26383","Native",30,19,"spillover1","tt","spillover1 tt",2,0,310,310,0.5,0.5
"26385","Native",30,12,"spillover1","tt","spillover1 tt",3,0,340,340,-0.5,-0.5
"26387","Native",30,23,"spillover1","tt","spillover1 tt",2,0,474,474,0.5,0.5
"26389","Native",30,7,"spillover1","tt","spillover1 tt",2,0,444,444,0.5,0.5
"26391","Native",30,1,"spillover1","tt","spillover1 tt",4,0,118,118,-0.5,0.5
"26393","Native",30,8,"spillover1","tt","spillover1 tt",3,0,386,386,-0.5,-0.5
"26395","Native",30,22,"spillover1","tt","spillover1 tt",1,0,334,334,0.5,-0.5
"26397","Native",30,16,"spillover1","tt","spillover1 tt",3,0,398,398,-0.5,-0.5
"26399","Native",30,3,"spillover1","tt","spillover1 tt",2,0,258,258,0.5,0.5
"26402","Native",31,21,"spillover1","tt","spillover1 tt",1,0,170,170,0.5,-0.5
"26404","Native",31,14,"spillover1","tt","spillover1 tt",2,0,1042,1042,0.5,0.5
"26406","Native",31,16,"spillover1","tt","spillover1 tt",4,0,380,380,-0.5,0.5
"26408","Native",31,4,"spillover1","tt","spillover1 tt",4,0,204,204,-0.5,0.5
"26410","Native",31,15,"spillover1","tt","spillover1 tt",3,0,376,376,-0.5,-0.5
"26412","Native",31,1,"spillover1","tt","spillover1 tt",1,0,382,382,0.5,-0.5
"26414","Native",31,22,"spillover1","tt","spillover1 tt",2,0,722,722,0.5,0.5
"26416","Native",31,8,"spillover1","tt","spillover1 tt",4,0,914,914,-0.5,0.5
"26418","Native",31,13,"spillover1","tt","spillover1 tt",1,0,624,624,0.5,-0.5
"26420","Native",31,2,"spillover1","tt","spillover1 tt",2,0,1236,1236,0.5,0.5
"26422","Native",31,24,"spillover1","tt","spillover1 tt",4,0,872,872,-0.5,0.5
"26424","Native",31,5,"spillover1","tt","spillover1 tt",1,0,528,528,0.5,-0.5
"26426","Native",31,10,"spillover1","tt","spillover1 tt",2,0,960,960,0.5,0.5
"26428","Native",31,6,"spillover1","tt","spillover1 tt",2,0,528,528,0.5,0.5
"26430","Native",31,11,"spillover1","tt","spillover1 tt",3,0,280,280,-0.5,-0.5
"26432","Native",31,23,"spillover1","tt","spillover1 tt",3,0,1240,1240,-0.5,-0.5
"26434","Native",31,9,"spillover1","tt","spillover1 tt",1,0,218,218,0.5,-0.5
"26436","Native",31,20,"spillover1","tt","spillover1 tt",4,0,266,266,-0.5,0.5
"26438","Native",31,7,"spillover1","tt","spillover1 tt",3,0,1192,1192,-0.5,-0.5
"26440","Native",31,18,"spillover1","tt","spillover1 tt",2,0,530,530,0.5,0.5
"26442","Native",31,3,"spillover1","tt","spillover1 tt",3,0,786,786,-0.5,-0.5
"26444","Native",31,17,"spillover1","tt","spillover1 tt",1,0,1114,1114,0.5,-0.5
"26446","Native",31,19,"spillover1","tt","spillover1 tt",3,0,374,374,-0.5,-0.5
"26448","Native",31,12,"spillover1","tt","spillover1 tt",4,0,562,562,-0.5,0.5
"26449","Native",32,19,"spillover1","tt","spillover1 tt",4,0,212,212,-0.5,0.5
"26451","Native",32,20,"spillover1","tt","spillover1 tt",1,0,768,768,0.5,-0.5
"26453","Native",32,9,"spillover1","tt","spillover1 tt",2,0,888,888,0.5,0.5
"26455","Native",32,4,"spillover1","tt","spillover1 tt",1,0,320,320,0.5,-0.5
"26457","Native",32,10,"spillover1","tt","spillover1 tt",3,0,128,128,-0.5,-0.5
"26459","Native",32,12,"spillover1","tt","spillover1 tt",1,0,436,436,0.5,-0.5
"26461","Native",32,7,"spillover1","tt","spillover1 tt",4,0,154,154,-0.5,0.5
"26463","Native",32,11,"spillover1","tt","spillover1 tt",4,0,142,142,-0.5,0.5
"26465","Native",32,8,"spillover1","tt","spillover1 tt",1,0,444,444,0.5,-0.5
"26467","Native",32,18,"spillover1","tt","spillover1 tt",3,0,144,144,-0.5,-0.5
"26469","Native",32,14,"spillover1","tt","spillover1 tt",3,0,450,450,-0.5,-0.5
"26471","Native",32,2,"spillover1","tt","spillover1 tt",3,1,0,NA,-0.5,-0.5
"26473","Native",32,15,"spillover1","tt","spillover1 tt",4,0,590,590,-0.5,0.5
"26475","Native",32,17,"spillover1","tt","spillover1 tt",2,0,392,392,0.5,0.5
"26477","Native",32,5,"spillover1","tt","spillover1 tt",2,1,0,NA,0.5,0.5
"26479","Native",32,22,"spillover1","tt","spillover1 tt",3,1,0,NA,-0.5,-0.5
"26481","Native",32,24,"spillover1","tt","spillover1 tt",1,1,0,NA,0.5,-0.5
"26483","Native",32,21,"spillover1","tt","spillover1 tt",2,0,198,198,0.5,0.5
"26485","Native",32,1,"spillover1","tt","spillover1 tt",2,0,174,174,0.5,0.5
"26487","Native",32,16,"spillover1","tt","spillover1 tt",1,1,0,NA,0.5,-0.5
"26489","Native",32,6,"spillover1","tt","spillover1 tt",3,0,212,212,-0.5,-0.5
"26491","Native",32,13,"spillover1","tt","spillover1 tt",2,1,0,NA,0.5,0.5
"26493","Native",32,3,"spillover1","tt","spillover1 tt",4,1,0,NA,-0.5,0.5
"26495","Native",32,23,"spillover1","tt","spillover1 tt",4,1,0,NA,-0.5,0.5
"26497","Native",33,4,"spillover1","tt","spillover1 tt",2,0,246,246,0.5,0.5
"26499","Native",33,2,"spillover1","tt","spillover1 tt",4,0,362,362,-0.5,0.5
"26501","Native",33,16,"spillover1","tt","spillover1 tt",2,0,312,312,0.5,0.5
"26503","Native",33,11,"spillover1","tt","spillover1 tt",1,0,394,394,0.5,-0.5
"26505","Native",33,1,"spillover1","tt","spillover1 tt",3,0,742,742,-0.5,-0.5
"26507","Native",33,15,"spillover1","tt","spillover1 tt",1,0,510,510,0.5,-0.5
"26509","Native",33,23,"spillover1","tt","spillover1 tt",1,0,426,426,0.5,-0.5
"26511","Native",33,20,"spillover1","tt","spillover1 tt",2,0,226,226,0.5,0.5
"26513","Native",33,7,"spillover1","tt","spillover1 tt",1,0,218,218,0.5,-0.5
"26515","Native",33,3,"spillover1","tt","spillover1 tt",1,0,1044,1044,0.5,-0.5
"26517","Native",33,12,"spillover1","tt","spillover1 tt",2,0,894,894,0.5,0.5
"26519","Native",33,24,"spillover1","tt","spillover1 tt",2,0,196,196,0.5,0.5
"26521","Native",33,14,"spillover1","tt","spillover1 tt",4,0,266,266,-0.5,0.5
"26523","Native",33,18,"spillover1","tt","spillover1 tt",4,0,374,374,-0.5,0.5
"26525","Native",33,6,"spillover1","tt","spillover1 tt",4,0,212,212,-0.5,0.5
"26527","Native",33,21,"spillover1","tt","spillover1 tt",3,0,366,366,-0.5,-0.5
"26529","Native",33,13,"spillover1","tt","spillover1 tt",3,0,244,244,-0.5,-0.5
"26531","Native",33,9,"spillover1","tt","spillover1 tt",3,0,196,196,-0.5,-0.5
"26533","Native",33,10,"spillover1","tt","spillover1 tt",4,0,242,242,-0.5,0.5
"26535","Native",33,19,"spillover1","tt","spillover1 tt",1,0,282,282,0.5,-0.5
"26537","Native",33,22,"spillover1","tt","spillover1 tt",4,0,518,518,-0.5,0.5
"26539","Native",33,8,"spillover1","tt","spillover1 tt",2,0,622,622,0.5,0.5
"26541","Native",33,17,"spillover1","tt","spillover1 tt",3,0,346,346,-0.5,-0.5
"26543","Native",33,5,"spillover1","tt","spillover1 tt",3,0,244,244,-0.5,-0.5
"26546","Native",34,16,"spillover1","tt","spillover1 tt",3,0,472,472,-0.5,-0.5
"26548","Native",34,14,"spillover1","tt","spillover1 tt",1,0,625,625,0.5,-0.5
"26550","Native",34,1,"spillover1","tt","spillover1 tt",4,0,307,307,-0.5,0.5
"26552","Native",34,24,"spillover1","tt","spillover1 tt",3,0,738,738,-0.5,-0.5
"26554","Native",34,5,"spillover1","tt","spillover1 tt",4,0,935,935,-0.5,0.5
"26556","Native",34,13,"spillover1","tt","spillover1 tt",4,0,1110,1110,-0.5,0.5
"26558","Native",34,3,"spillover1","tt","spillover1 tt",2,0,717,717,0.5,0.5
"26560","Native",34,2,"spillover1","tt","spillover1 tt",1,0,803,803,0.5,-0.5
"26562","Native",34,19,"spillover1","tt","spillover1 tt",2,0,746,746,0.5,0.5
"26564","Native",34,18,"spillover1","tt","spillover1 tt",1,0,442,442,0.5,-0.5
"26566","Native",34,22,"spillover1","tt","spillover1 tt",1,0,1212,1212,0.5,-0.5
"26568","Native",34,17,"spillover1","tt","spillover1 tt",4,0,287,287,-0.5,0.5
"26570","Native",34,4,"spillover1","tt","spillover1 tt",3,0,435,435,-0.5,-0.5
"26572","Native",34,20,"spillover1","tt","spillover1 tt",3,0,722,722,-0.5,-0.5
"26574","Native",34,7,"spillover1","tt","spillover1 tt",2,0,538,538,0.5,0.5
"26576","Native",34,11,"spillover1","tt","spillover1 tt",2,0,2252,2252,0.5,0.5
"26578","Native",34,8,"spillover1","tt","spillover1 tt",3,0,587,587,-0.5,-0.5
"26580","Native",34,21,"spillover1","tt","spillover1 tt",4,0,1233,1233,-0.5,0.5
"26582","Native",34,12,"spillover1","tt","spillover1 tt",3,0,1353,1353,-0.5,-0.5
"26584","Native",34,15,"spillover1","tt","spillover1 tt",2,0,1375,1375,0.5,0.5
"26586","Native",34,10,"spillover1","tt","spillover1 tt",1,0,245,245,0.5,-0.5
"26588","Native",34,23,"spillover1","tt","spillover1 tt",2,0,423,423,0.5,0.5
"26590","Native",34,9,"spillover1","tt","spillover1 tt",4,0,576,576,-0.5,0.5
"26592","Native",34,6,"spillover1","tt","spillover1 tt",1,0,733,733,0.5,-0.5
"26593","Native",35,23,"spillover1","tt","spillover1 tt",2,0,576,576,0.5,0.5
"26595","Native",35,1,"spillover1","tt","spillover1 tt",4,0,214,214,-0.5,0.5
"26597","Native",35,10,"spillover1","tt","spillover1 tt",1,0,906,906,0.5,-0.5
"26599","Native",35,4,"spillover1","tt","spillover1 tt",3,0,944,944,-0.5,-0.5
"26601","Native",35,18,"spillover1","tt","spillover1 tt",1,0,1106,1106,0.5,-0.5
"26603","Native",35,9,"spillover1","tt","spillover1 tt",4,0,424,424,-0.5,0.5
"26605","Native",35,20,"spillover1","tt","spillover1 tt",3,0,300,300,-0.5,-0.5
"26607","Native",35,17,"spillover1","tt","spillover1 tt",4,0,224,224,-0.5,0.5
"26609","Native",35,14,"spillover1","tt","spillover1 tt",1,0,422,422,0.5,-0.5
"26611","Native",35,2,"spillover1","tt","spillover1 tt",1,0,276,276,0.5,-0.5
"26613","Native",35,15,"spillover1","tt","spillover1 tt",2,0,818,818,0.5,0.5
"26615","Native",35,19,"spillover1","tt","spillover1 tt",2,0,240,240,0.5,0.5
"26617","Native",35,3,"spillover1","tt","spillover1 tt",2,0,296,296,0.5,0.5
"26619","Native",35,12,"spillover1","tt","spillover1 tt",3,0,286,286,-0.5,-0.5
"26621","Native",35,11,"spillover1","tt","spillover1 tt",2,0,604,604,0.5,0.5
"26623","Native",35,24,"spillover1","tt","spillover1 tt",3,0,508,508,-0.5,-0.5
"26625","Native",35,7,"spillover1","tt","spillover1 tt",2,0,504,504,0.5,0.5
"26627","Native",35,21,"spillover1","tt","spillover1 tt",4,0,292,292,-0.5,0.5
"26629","Native",35,5,"spillover1","tt","spillover1 tt",4,0,232,232,-0.5,0.5
"26631","Native",35,22,"spillover1","tt","spillover1 tt",1,0,632,632,0.5,-0.5
"26633","Native",35,6,"spillover1","tt","spillover1 tt",1,0,184,184,0.5,-0.5
"26635","Native",35,13,"spillover1","tt","spillover1 tt",4,0,422,422,-0.5,0.5
"26637","Native",35,8,"spillover1","tt","spillover1 tt",3,0,192,192,-0.5,-0.5
"26639","Native",35,16,"spillover1","tt","spillover1 tt",3,0,208,208,-0.5,-0.5
"26641","Native",36,24,"spillover1","tt","spillover1 tt",4,0,463,463,-0.5,0.5
"26643","Native",36,19,"spillover1","tt","spillover1 tt",3,0,583,583,-0.5,-0.5
"26645","Native",36,12,"spillover1","tt","spillover1 tt",4,0,262,262,-0.5,0.5
"26647","Native",36,21,"spillover1","tt","spillover1 tt",1,0,243,243,0.5,-0.5
"26649","Native",36,4,"spillover1","tt","spillover1 tt",4,0,317,317,-0.5,0.5
"26651","Native",36,13,"spillover1","tt","spillover1 tt",1,0,631,631,0.5,-0.5
"26653","Native",36,11,"spillover1","tt","spillover1 tt",3,0,120,120,-0.5,-0.5
"26655","Native",36,22,"spillover1","tt","spillover1 tt",2,0,334,334,0.5,0.5
"26657","Native",36,5,"spillover1","tt","spillover1 tt",1,0,423,423,0.5,-0.5
"26659","Native",36,18,"spillover1","tt","spillover1 tt",2,0,213,213,0.5,0.5
"26661","Native",36,8,"spillover1","tt","spillover1 tt",4,0,245,245,-0.5,0.5
"26663","Native",36,6,"spillover1","tt","spillover1 tt",2,0,454,454,0.5,0.5
"26665","Native",36,2,"spillover1","tt","spillover1 tt",2,0,378,378,0.5,0.5
"26667","Native",36,15,"spillover1","tt","spillover1 tt",3,0,313,313,-0.5,-0.5
"26669","Native",36,14,"spillover1","tt","spillover1 tt",2,0,275,275,0.5,0.5
"26671","Native",36,1,"spillover1","tt","spillover1 tt",1,0,231,231,0.5,-0.5
"26673","Native",36,7,"spillover1","tt","spillover1 tt",3,0,296,296,-0.5,-0.5
"26675","Native",36,20,"spillover1","tt","spillover1 tt",4,0,819,819,-0.5,0.5
"26677","Native",36,23,"spillover1","tt","spillover1 tt",3,0,209,209,-0.5,-0.5
"26679","Native",36,17,"spillover1","tt","spillover1 tt",1,0,552,552,0.5,-0.5
"26681","Native",36,16,"spillover1","tt","spillover1 tt",4,0,264,264,-0.5,0.5
"26683","Native",36,9,"spillover1","tt","spillover1 tt",1,0,431,431,0.5,-0.5
"26685","Native",36,10,"spillover1","tt","spillover1 tt",2,0,689,689,0.5,0.5
"26687","Native",36,3,"spillover1","tt","spillover1 tt",3,0,239,239,-0.5,-0.5
"26689","Native",37,15,"spillover1","tt","spillover1 tt",4,0,416,416,-0.5,0.5
"26691","Native",37,20,"spillover1","tt","spillover1 tt",1,0,734,734,0.5,-0.5
"26693","Native",37,5,"spillover1","tt","spillover1 tt",2,0,276,276,0.5,0.5
"26695","Native",37,24,"spillover1","tt","spillover1 tt",1,0,582,582,0.5,-0.5
"26697","Native",37,3,"spillover1","tt","spillover1 tt",4,0,478,478,-0.5,0.5
"26699","Native",37,4,"spillover1","tt","spillover1 tt",1,0,140,140,0.5,-0.5
"26701","Native",37,6,"spillover1","tt","spillover1 tt",3,0,194,194,-0.5,-0.5
"26703","Native",37,13,"spillover1","tt","spillover1 tt",2,0,365,365,0.5,0.5
"26705","Native",37,1,"spillover1","tt","spillover1 tt",2,0,176,176,0.5,0.5
"26707","Native",37,16,"spillover1","tt","spillover1 tt",1,0,491,491,0.5,-0.5
"26709","Native",37,9,"spillover1","tt","spillover1 tt",2,0,280,280,0.5,0.5
"26711","Native",37,19,"spillover1","tt","spillover1 tt",4,0,248,248,-0.5,0.5
"26713","Native",37,17,"spillover1","tt","spillover1 tt",2,0,168,168,0.5,0.5
"26715","Native",37,22,"spillover1","tt","spillover1 tt",3,0,221,221,-0.5,-0.5
"26717","Native",37,14,"spillover1","tt","spillover1 tt",3,0,193,193,-0.5,-0.5
"26719","Native",37,2,"spillover1","tt","spillover1 tt",3,0,205,205,-0.5,-0.5
"26721","Native",37,23,"spillover1","tt","spillover1 tt",4,0,225,225,-0.5,0.5
"26723","Native",37,8,"spillover1","tt","spillover1 tt",1,0,163,163,0.5,-0.5
"26725","Native",37,7,"spillover1","tt","spillover1 tt",4,0,228,228,-0.5,0.5
"26727","Native",37,11,"spillover1","tt","spillover1 tt",4,0,194,194,-0.5,0.5
"26729","Native",37,10,"spillover1","tt","spillover1 tt",3,1,0,NA,-0.5,-0.5
"26731","Native",37,12,"spillover1","tt","spillover1 tt",1,0,190,190,0.5,-0.5
"26733","Native",37,18,"spillover1","tt","spillover1 tt",3,0,211,211,-0.5,-0.5
"26735","Native",37,21,"spillover1","tt","spillover1 tt",2,0,223,223,0.5,0.5
"26738","Native",38,17,"spillover1","tt","spillover1 tt",3,0,431,431,-0.5,-0.5
"26740","Native",38,2,"spillover1","tt","spillover1 tt",4,0,540,540,-0.5,0.5
"26742","Native",38,14,"spillover1","tt","spillover1 tt",4,0,352,352,-0.5,0.5
"26744","Native",38,21,"spillover1","tt","spillover1 tt",3,0,263,263,-0.5,-0.5
"26746","Native",38,11,"spillover1","tt","spillover1 tt",1,0,471,471,0.5,-0.5
"26748","Native",38,9,"spillover1","tt","spillover1 tt",3,0,328,328,-0.5,-0.5
"26750","Native",38,13,"spillover1","tt","spillover1 tt",3,0,220,220,-0.5,-0.5
"26752","Native",38,24,"spillover1","tt","spillover1 tt",2,1,0,NA,0.5,0.5
"26754","Native",38,20,"spillover1","tt","spillover1 tt",2,0,531,531,0.5,0.5
"26756","Native",38,6,"spillover1","tt","spillover1 tt",4,0,163,163,-0.5,0.5
"26758","Native",38,3,"spillover1","tt","spillover1 tt",1,0,94,94,0.5,-0.5
"26760","Native",38,23,"spillover1","tt","spillover1 tt",1,0,201,201,0.5,-0.5
"26762","Native",38,5,"spillover1","tt","spillover1 tt",3,0,267,267,-0.5,-0.5
"26764","Native",38,12,"spillover1","tt","spillover1 tt",2,0,464,464,0.5,0.5
"26766","Native",38,8,"spillover1","tt","spillover1 tt",2,0,200,200,0.5,0.5
"26768","Native",38,16,"spillover1","tt","spillover1 tt",2,0,249,249,0.5,0.5
"26770","Native",38,22,"spillover1","tt","spillover1 tt",4,0,171,171,-0.5,0.5
"26772","Native",38,19,"spillover1","tt","spillover1 tt",1,0,366,366,0.5,-0.5
"26774","Native",38,7,"spillover1","tt","spillover1 tt",1,0,211,211,0.5,-0.5
"26776","Native",38,18,"spillover1","tt","spillover1 tt",4,0,179,179,-0.5,0.5
"26778","Native",38,15,"spillover1","tt","spillover1 tt",1,1,0,NA,0.5,-0.5
"26780","Native",38,1,"spillover1","tt","spillover1 tt",3,0,219,219,-0.5,-0.5
"26782","Native",38,10,"spillover1","tt","spillover1 tt",4,1,0,NA,-0.5,0.5
"26784","Native",38,4,"spillover1","tt","spillover1 tt",2,0,222,222,0.5,0.5
"26786","Native",39,19,"spillover1","tt","spillover1 tt",2,0,1345,1345,0.5,0.5
"26788","Native",39,9,"spillover1","tt","spillover1 tt",4,0,675,675,-0.5,0.5
"26790","Native",39,15,"spillover1","tt","spillover1 tt",2,0,320,320,0.5,0.5
"26792","Native",39,4,"spillover1","tt","spillover1 tt",3,0,338,338,-0.5,-0.5
"26794","Native",39,20,"spillover1","tt","spillover1 tt",3,0,945,945,-0.5,-0.5
"26796","Native",39,3,"spillover1","tt","spillover1 tt",2,0,1334,1334,0.5,0.5
"26798","Native",39,2,"spillover1","tt","spillover1 tt",1,0,382,382,0.5,-0.5
"26800","Native",39,11,"spillover1","tt","spillover1 tt",2,0,657,657,0.5,0.5
"26802","Native",39,23,"spillover1","tt","spillover1 tt",2,0,473,473,0.5,0.5
"26804","Native",39,8,"spillover1","tt","spillover1 tt",3,0,484,484,-0.5,-0.5
"26806","Native",39,7,"spillover1","tt","spillover1 tt",2,0,550,550,0.5,0.5
"26808","Native",39,12,"spillover1","tt","spillover1 tt",3,0,257,257,-0.5,-0.5
"26810","Native",39,1,"spillover1","tt","spillover1 tt",4,0,456,456,-0.5,0.5
"26812","Native",39,24,"spillover1","tt","spillover1 tt",3,0,369,369,-0.5,-0.5
"26814","Native",39,22,"spillover1","tt","spillover1 tt",1,0,488,488,0.5,-0.5
"26816","Native",39,17,"spillover1","tt","spillover1 tt",4,0,1059,1059,-0.5,0.5
"26818","Native",39,6,"spillover1","tt","spillover1 tt",1,0,316,316,0.5,-0.5
"26820","Native",39,16,"spillover1","tt","spillover1 tt",3,0,314,314,-0.5,-0.5
"26822","Native",39,14,"spillover1","tt","spillover1 tt",1,0,274,274,0.5,-0.5
"26824","Native",39,10,"spillover1","tt","spillover1 tt",1,0,229,229,0.5,-0.5
"26826","Native",39,5,"spillover1","tt","spillover1 tt",4,0,309,309,-0.5,0.5
"26828","Native",39,18,"spillover1","tt","spillover1 tt",1,0,354,354,0.5,-0.5
"26830","Native",39,13,"spillover1","tt","spillover1 tt",4,0,456,456,-0.5,0.5
"26832","Native",39,21,"spillover1","tt","spillover1 tt",4,0,205,205,-0.5,0.5
"26833","Native",40,22,"spillover1","tt","spillover1 tt",2,0,470,470,0.5,0.5
"26835","Native",40,24,"spillover1","tt","spillover1 tt",4,0,183,183,-0.5,0.5
"26837","Native",40,19,"spillover1","tt","spillover1 tt",3,0,384,384,-0.5,-0.5
"26839","Native",40,18,"spillover1","tt","spillover1 tt",2,0,198,198,0.5,0.5
"26841","Native",40,8,"spillover1","tt","spillover1 tt",4,0,351,351,-0.5,0.5
"26843","Native",40,9,"spillover1","tt","spillover1 tt",1,0,171,171,0.5,-0.5
"26845","Native",40,17,"spillover1","tt","spillover1 tt",1,0,333,333,0.5,-0.5
"26847","Native",40,3,"spillover1","tt","spillover1 tt",3,0,172,172,-0.5,-0.5
"26849","Native",40,10,"spillover1","tt","spillover1 tt",2,1,0,NA,0.5,0.5
"26851","Native",40,7,"spillover1","tt","spillover1 tt",3,0,247,247,-0.5,-0.5
"26853","Native",40,1,"spillover1","tt","spillover1 tt",1,1,0,NA,0.5,-0.5
"26855","Native",40,16,"spillover1","tt","spillover1 tt",4,0,172,172,-0.5,0.5
"26857","Native",40,12,"spillover1","tt","spillover1 tt",4,1,0,NA,-0.5,0.5
"26859","Native",40,14,"spillover1","tt","spillover1 tt",2,1,0,NA,0.5,0.5
"26861","Native",40,13,"spillover1","tt","spillover1 tt",1,0,199,199,0.5,-0.5
"26863","Native",40,2,"spillover1","tt","spillover1 tt",2,1,0,NA,0.5,0.5
"26865","Native",40,5,"spillover1","tt","spillover1 tt",1,1,0,NA,0.5,-0.5
"26867","Native",40,11,"spillover1","tt","spillover1 tt",3,0,142,142,-0.5,-0.5
"26869","Native",40,15,"spillover1","tt","spillover1 tt",3,0,150,150,-0.5,-0.5
"26871","Native",40,20,"spillover1","tt","spillover1 tt",4,0,165,165,-0.5,0.5
"26873","Native",40,23,"spillover1","tt","spillover1 tt",3,0,289,289,-0.5,-0.5
"26875","Native",40,4,"spillover1","tt","spillover1 tt",4,0,157,157,-0.5,0.5
"26877","Native",40,6,"spillover1","tt","spillover1 tt",2,0,151,151,0.5,0.5
"26879","Native",40,21,"spillover1","tt","spillover1 tt",1,0,150,150,0.5,-0.5
